path,label,split,width,height,mode,format,kb,md5,dhash
/Users/khangtran/.cache/kagglehub/datasets/saurabhbagchi/deepfake-image-detection/versions/2/test-20250112T065939Z-001/test/fake/0.jpg,Fake,test,696,696,RGB,JPEG,57.7,494cf193ba35d81c0f36fb56eb979d01,8680816341992378012
/Users/khangtran/.cache/kagglehub/datasets/saurabhbagchi/deepfake-image-detection/versions/2/test-20250112T065939Z-001/test/fake/1.jpg,Fake,test,1600,1600,RGB,PNG,1704.4,f941a993f1e1569e034e4e3c00823472,9494094667434676123
/Users/khangtran/.cache/kagglehub/datasets/saurabhbagchi/deepfake-image-detection/versions/2/test-20250112T065939Z-001/test/fake/10.jpg,Fake,test,2000,3000,RGB,JPEG,412.2,5ab7354738f81b1bf3944937213a66fa,14739874518388912921
/Users/khangtran/.cache/kagglehub/datasets/saurabhbagchi/deepfake-image-detection/versions/2/test-20250112T065939Z-001/test/fake/100.jpg,Fake,test,1600,988,RGB,JPEG,119.5,225663da0ed7ecb3b6130a97ec23be57,7681127037431765216
/Users/khangtran/.cache/kagglehub/datasets/saurabhbagchi/deepfake-image-detection/versions/2/test-20250112T065939Z-001/test/fake/101.jpg,Fake,test,1280,1280,RGB,JPEG,593.8,85c551ce519582b088921408504fc8e7,12866977872093442224
/Users/khangtran/.cache/kagglehub/datasets/saurabhbagchi/deepfake-image-detection/versions/2/test-20250112T065939Z-001/test/fake/102.jpg,Fake,test,1600,894,RGB,JPEG,392.6,c7fe64e785077922e66c8de162c510f8,12912181392958468850
/Users/khangtran/.cache/kagglehub/datasets/saurabhbagchi/deepfake-image-detection/versions/2/test-20250112T065939Z-001/test/fake/103.jpg,Fake,test,1024,1024,RGB,PNG,1813.1,ca5223c4d07b68c885a44125a1b35d26,6951429652802511623
/Users/khangtran/.cache/kagglehub/datasets/saurabhbagchi/deepfake-image-detection/versions/2/test-20250112T065939Z-001/test/fake/104.jpg,Fake,test,1400,933,RGB,JPEG,760.1,76ca0e017d47acedc5673e06fcb29c2a,8104465955854285032
/Users/khangtran/.cache/kagglehub/datasets/saurabhbagchi/deepfake-image-detection/versions/2/test-20250112T065939Z-001/test/fake/105.jpg,Fake,test,1000,750,RGB,JPEG,228.6,e4bb152b6ea6f85aed19403788259353,13326989583059425047
/Users/khangtran/.cache/kagglehub/datasets/saurabhbagchi/deepfake-image-detection/versions/2/test-20250112T065939Z-001/test/fake/106.jpg,Fake,test,1000,667,RGB,JPEG,379.3,60791fd3b6640ab380e78c44c6351af2,17940366986472901836
/Users/khangtran/.cache/kagglehub/datasets/saurabhbagchi/deepfake-image-detection/versions/2/test-20250112T065939Z-001/test/fake/107.jpg,Fake,test,1068,601,RGB,JPEG,81.2,843c8686ce885f6e127aa853abfc3962,2597464331506166828
/Users/khangtran/.cache/kagglehub/datasets/saurabhbagchi/deepfake-image-detection/versions/2/test-20250112T065939Z-001/test/fake/108.jpg,Fake,test,1049,649,RGB,JPEG,104.1,b35a9ccc72ebd4a439207f8e7965414a,6167074760008674364
/Users/khangtran/.cache/kagglehub/datasets/saurabhbagchi/deepfake-image-detection/versions/2/test-20250112T065939Z-001/test/fake/109.jpg,Fake,test,570,570,RGB,JPEG,131.0,1d26f2d0fd0f2901563a543f2b122833,3754816706052647672
/Users/khangtran/.cache/kagglehub/datasets/saurabhbagchi/deepfake-image-detection/versions/2/test-20250112T065939Z-001/test/fake/11.jpg,Fake,test,1574,904,RGBA,PNG,984.6,7217ab7eaa61c0e9834976fcc03d4b36,17940367261416326336
/Users/khangtran/.cache/kagglehub/datasets/saurabhbagchi/deepfake-image-detection/versions/2/test-20250112T065939Z-001/test/fake/110.jpg,Fake,test,811,645,RGB,JPEG,85.3,2860cae7aeaefd9de1d08bd276e77b13,2091508068061917412
/Users/khangtran/.cache/kagglehub/datasets/saurabhbagchi/deepfake-image-detection/versions/2/test-20250112T065939Z-001/test/fake/111.jpg,Fake,test,2048,1152,RGB,JPEG,532.3,089d54194a92ffc04456aeb98bafe451,3618136768214609454
/Users/khangtran/.cache/kagglehub/datasets/saurabhbagchi/deepfake-image-detection/versions/2/test-20250112T065939Z-001/test/fake/112.jpg,Fake,test,225,225,RGB,JPEG,14.8,2b12b91c09f64cd1227257562e254066,5899132547975436124
/Users/khangtran/.cache/kagglehub/datasets/saurabhbagchi/deepfake-image-detection/versions/2/test-20250112T065939Z-001/test/fake/113.jpg,Fake,test,650,585,RGB,PNG,516.5,a1e40166c40f6f103b3285d48454e939,14307529810644864654
/Users/khangtran/.cache/kagglehub/datasets/saurabhbagchi/deepfake-image-detection/versions/2/test-20250112T065939Z-001/test/fake/114.jpg,Fake,test,720,1280,RGB,JPEG,72.6,875dfc45fc2df329f18012b66ce96bc1,16195127357779920124
/Users/khangtran/.cache/kagglehub/datasets/saurabhbagchi/deepfake-image-detection/versions/2/test-20250112T065939Z-001/test/fake/115.jpg,Fake,test,2048,1024,RGB,PNG,3185.0,2585c7a045aacebb8136552422526ed1,11610616421362343926
/Users/khangtran/.cache/kagglehub/datasets/saurabhbagchi/deepfake-image-detection/versions/2/test-20250112T065939Z-001/test/fake/116.jpg,Fake,test,1280,1280,RGB,JPEG,246.2,f4856a1c7f2f2b8e52697eb8488d350d,17940367261350533754
/Users/khangtran/.cache/kagglehub/datasets/saurabhbagchi/deepfake-image-detection/versions/2/test-20250112T065939Z-001/test/fake/117.jpg,Fake,test,400,400,RGB,JPEG,49.6,047ab769ad4b21d6064f1686aa04bf79,2361793792335659112
/Users/khangtran/.cache/kagglehub/datasets/saurabhbagchi/deepfake-image-detection/versions/2/test-20250112T065939Z-001/test/fake/118.jpg,Fake,test,1600,1067,P,PNG,609.7,190ee4a2ff70fdc0df01c983e804ab9d,18220663375669795978
/Users/khangtran/.cache/kagglehub/datasets/saurabhbagchi/deepfake-image-detection/versions/2/test-20250112T065939Z-001/test/fake/119.jpg,Fake,test,1200,800,RGB,JPEG,78.4,f90268ecce0d1b7f663063ca4146ae02,3976528350441337649
/Users/khangtran/.cache/kagglehub/datasets/saurabhbagchi/deepfake-image-detection/versions/2/test-20250112T065939Z-001/test/fake/12.jpg,Fake,test,720,720,RGB,JPEG,117.6,8a2667511cf872336c6e3a1af98f2bfd,12886161863639413361
/Users/khangtran/.cache/kagglehub/datasets/saurabhbagchi/deepfake-image-detection/versions/2/test-20250112T065939Z-001/test/fake/120.jpg,Fake,test,750,375,RGB,JPEG,37.9,3078f6f5aa7148c67638d7ac6cc65d91,2843131275346474084
/Users/khangtran/.cache/kagglehub/datasets/saurabhbagchi/deepfake-image-detection/versions/2/test-20250112T065939Z-001/test/fake/121.jpg,Fake,test,1920,1080,RGB,JPEG,168.2,b34e46841d9033443f92ab6f26965427,6292182282099938032
/Users/khangtran/.cache/kagglehub/datasets/saurabhbagchi/deepfake-image-detection/versions/2/test-20250112T065939Z-001/test/fake/122.jpg,Fake,test,1078,952,RGB,JPEG,158.9,9f2e2e546727ca92af76e9721bfb52bd,1663832805593779975
/Users/khangtran/.cache/kagglehub/datasets/saurabhbagchi/deepfake-image-detection/versions/2/test-20250112T065939Z-001/test/fake/123.jpg,Fake,test,384,576,RGB,JPEG,20.7,7af962ae099d856702b67b8d73f59ec3,12454942840117990439
/Users/khangtran/.cache/kagglehub/datasets/saurabhbagchi/deepfake-image-detection/versions/2/test-20250112T065939Z-001/test/fake/124.jpg,Fake,test,2174,1223,RGBA,PNG,2852.8,c34426d04836b697e65a9ba4c9294485,14180934506663498450
/Users/khangtran/.cache/kagglehub/datasets/saurabhbagchi/deepfake-image-detection/versions/2/test-20250112T065939Z-001/test/fake/125.jpg,Fake,test,728,728,RGB,JPEG,154.6,90e24a94b4f9f09cb38a01b7797f1823,4120867889796448641
/Users/khangtran/.cache/kagglehub/datasets/saurabhbagchi/deepfake-image-detection/versions/2/test-20250112T065939Z-001/test/fake/126.jpg,Fake,test,3919,1960,RGB,JPEG,1099.7,9738d851a1d0604745c3a4392c4a6af5,17361650036847464592
/Users/khangtran/.cache/kagglehub/datasets/saurabhbagchi/deepfake-image-detection/versions/2/test-20250112T065939Z-001/test/fake/127.jpg,Fake,test,1200,598,RGB,JPEG,87.7,1b4e0fd99bd2a5a15f1c85b44c40ca33,10145709240536049124
/Users/khangtran/.cache/kagglehub/datasets/saurabhbagchi/deepfake-image-detection/versions/2/test-20250112T065939Z-001/test/fake/128.jpg,Fake,test,1280,720,RGB,JPEG,121.8,5f2ad076d9254f99c0c427b4af7a4067,14883425542078204173
/Users/khangtran/.cache/kagglehub/datasets/saurabhbagchi/deepfake-image-detection/versions/2/test-20250112T065939Z-001/test/fake/13.jpg,Fake,test,1000,669,RGB,JPEG,478.9,5d66d32390b5f8787f8b6fd9b69fdc5a,17644255505914026104
/Users/khangtran/.cache/kagglehub/datasets/saurabhbagchi/deepfake-image-detection/versions/2/test-20250112T065939Z-001/test/fake/14.jpg,Fake,test,1600,840,RGB,JPEG,228.0,d14a04f28c34698b3dd3dd68df683dcc,16564664194524398082
/Users/khangtran/.cache/kagglehub/datasets/saurabhbagchi/deepfake-image-detection/versions/2/test-20250112T065939Z-001/test/fake/15.jpg,Fake,test,1000,750,RGB,JPEG,244.0,8be7f943ed3df5fe03d34e0d162e4d64,1743907409813515067
/Users/khangtran/.cache/kagglehub/datasets/saurabhbagchi/deepfake-image-detection/versions/2/test-20250112T065939Z-001/test/fake/16.jpg,Fake,test,1024,683,RGB,JPEG,160.0,8eab1293fa35b5bfd2eff653ac57848d,10851021545855438554
/Users/khangtran/.cache/kagglehub/datasets/saurabhbagchi/deepfake-image-detection/versions/2/test-20250112T065939Z-001/test/fake/17.jpg,Fake,test,1024,576,RGB,JPEG,138.7,f7a2e6ea39849af025341860a18f71a3,11067927206539397601
/Users/khangtran/.cache/kagglehub/datasets/saurabhbagchi/deepfake-image-detection/versions/2/test-20250112T065939Z-001/test/fake/18.jpg,Fake,test,1024,760,RGB,JPEG,312.8,eeed0f4ec3671d296d056a4e575546ef,13122412813950363157
/Users/khangtran/.cache/kagglehub/datasets/saurabhbagchi/deepfake-image-detection/versions/2/test-20250112T065939Z-001/test/fake/19.jpg,Fake,test,1200,675,RGB,JPEG,106.7,66fa71048595cf1c4c2c3ab95213f0da,16113632762178484352
/Users/khangtran/.cache/kagglehub/datasets/saurabhbagchi/deepfake-image-detection/versions/2/test-20250112T065939Z-001/test/fake/2.jpg,Fake,test,959,614,RGB,JPEG,59.2,a44b98a6052a76fe07ba728607362358,14760150402269098682
/Users/khangtran/.cache/kagglehub/datasets/saurabhbagchi/deepfake-image-detection/versions/2/test-20250112T065939Z-001/test/fake/20.jpg,Fake,test,1216,705,RGB,JPEG,93.4,f948d3e7759c4d6f6a92b671b0c343b2,17361492467053285584
/Users/khangtran/.cache/kagglehub/datasets/saurabhbagchi/deepfake-image-detection/versions/2/test-20250112T065939Z-001/test/fake/21.jpg,Fake,test,800,751,RGB,JPEG,81.9,535b3b59c95a217d66b4c67f81b0f4ae,15308124235773037772
/Users/khangtran/.cache/kagglehub/datasets/saurabhbagchi/deepfake-image-detection/versions/2/test-20250112T065939Z-001/test/fake/22.jpg,Fake,test,736,552,RGB,JPEG,67.4,6d620dcf917dfd131d7a6ac71703aa01,18433225452181123569
/Users/khangtran/.cache/kagglehub/datasets/saurabhbagchi/deepfake-image-detection/versions/2/test-20250112T065939Z-001/test/fake/23.jpg,Fake,test,1400,933,RGB,PNG,1601.4,609a472ace1b20781aaace4f5b08f261,10728951900822488768
/Users/khangtran/.cache/kagglehub/datasets/saurabhbagchi/deepfake-image-detection/versions/2/test-20250112T065939Z-001/test/fake/24.jpg,Fake,test,1024,1792,RGB,PNG,3366.1,4ef11379107f7f8d6152f81adcf4a640,5506897295331223206
/Users/khangtran/.cache/kagglehub/datasets/saurabhbagchi/deepfake-image-detection/versions/2/test-20250112T065939Z-001/test/fake/25.jpg,Fake,test,1200,600,P,PNG,195.1,dd39c1707c239b958af8b28d1da63904,17393261658885919494
/Users/khangtran/.cache/kagglehub/datasets/saurabhbagchi/deepfake-image-detection/versions/2/test-20250112T065939Z-001/test/fake/251.jpg,Fake,test,900,900,RGB,JPEG,194.7,e2f1e9c4ce9f2cd48c3090484a4b0166,2332974975577987352
/Users/khangtran/.cache/kagglehub/datasets/saurabhbagchi/deepfake-image-detection/versions/2/test-20250112T065939Z-001/test/fake/252.jpg,Fake,test,1200,675,RGBA,PNG,1404.1,06042d298b791e937280f867a9c49b29,7380957983946972698
/Users/khangtran/.cache/kagglehub/datasets/saurabhbagchi/deepfake-image-detection/versions/2/test-20250112T065939Z-001/test/fake/253.jpg,Fake,test,2000,1125,RGB,JPEG,978.6,757610d34afac421f152c91793cdaabd,3110345948470586157
/Users/khangtran/.cache/kagglehub/datasets/saurabhbagchi/deepfake-image-detection/versions/2/test-20250112T065939Z-001/test/fake/254.jpg,Fake,test,750,750,RGB,JPEG,101.1,deb314077141effc472e17efea6be04f,18228542479205722360
/Users/khangtran/.cache/kagglehub/datasets/saurabhbagchi/deepfake-image-detection/versions/2/test-20250112T065939Z-001/test/fake/255.jpg,Fake,test,2000,1333,RGB,JPEG,430.2,048b28840a9881c2987407aff8254db5,6004370944152892534
/Users/khangtran/.cache/kagglehub/datasets/saurabhbagchi/deepfake-image-detection/versions/2/test-20250112T065939Z-001/test/fake/256.jpg,Fake,test,640,640,RGB,JPEG,68.6,023c592d437ba34448bd770dcde8275f,17361607122360611704
/Users/khangtran/.cache/kagglehub/datasets/saurabhbagchi/deepfake-image-detection/versions/2/test-20250112T065939Z-001/test/fake/257.jpg,Fake,test,800,450,RGB,JPEG,49.9,79b304d413ab1fe40146b22053e706f7,14902019872331284020
/Users/khangtran/.cache/kagglehub/datasets/saurabhbagchi/deepfake-image-detection/versions/2/test-20250112T065939Z-001/test/fake/258.jpg,Fake,test,596,426,RGB,JPEG,88.1,3c0ff17daaf1e314e344a40a36e74e7e,10592014307676440726
/Users/khangtran/.cache/kagglehub/datasets/saurabhbagchi/deepfake-image-detection/versions/2/test-20250112T065939Z-001/test/fake/259.jpg,Fake,test,626,417,RGB,JPEG,79.0,a2d27fd793c85568772d4fbc6d0f78c9,18397150588332727368
/Users/khangtran/.cache/kagglehub/datasets/saurabhbagchi/deepfake-image-detection/versions/2/test-20250112T065939Z-001/test/fake/26.jpg,Fake,test,1000,562,RGB,JPEG,1052.8,986bbad3a0dd881f1f015550948c0f28,13536094851284125928
/Users/khangtran/.cache/kagglehub/datasets/saurabhbagchi/deepfake-image-detection/versions/2/test-20250112T065939Z-001/test/fake/260.jpg,Fake,test,1300,871,RGB,JPEG,215.3,38e32b2f9f74051b6402c46026dccc21,5425530314220056931
/Users/khangtran/.cache/kagglehub/datasets/saurabhbagchi/deepfake-image-detection/versions/2/test-20250112T065939Z-001/test/fake/261.jpg,Fake,test,1200,630,RGB,PNG,1084.7,b0095acfd6cf24395fc645d3deac8f13,15910316905310021069
/Users/khangtran/.cache/kagglehub/datasets/saurabhbagchi/deepfake-image-detection/versions/2/test-20250112T065939Z-001/test/fake/262.jpg,Fake,test,1000,667,RGB,JPEG,312.5,c66cf4f48b629f2f1f0b544fead4ec4f,18085608349872470876
/Users/khangtran/.cache/kagglehub/datasets/saurabhbagchi/deepfake-image-detection/versions/2/test-20250112T065939Z-001/test/fake/263.jpg,Fake,test,1152,648,RGB,JPEG,225.7,5581fe8f4afab0466fccffa61116e472,17352890519566191822
/Users/khangtran/.cache/kagglehub/datasets/saurabhbagchi/deepfake-image-detection/versions/2/test-20250112T065939Z-001/test/fake/264.jpg,Fake,test,1249,1246,RGB,JPEG,162.5,4af5594e2283ab8d5d29ba4cc5594e11,16493333158297515574
/Users/khangtran/.cache/kagglehub/datasets/saurabhbagchi/deepfake-image-detection/versions/2/test-20250112T065939Z-001/test/fake/265.jpg,Fake,test,600,480,RGB,JPEG,51.4,c7be9cfc32d7c3c042e3bb6290e5dc51,13390316213764012280
/Users/khangtran/.cache/kagglehub/datasets/saurabhbagchi/deepfake-image-detection/versions/2/test-20250112T065939Z-001/test/fake/266.jpg,Fake,test,1600,840,RGB,JPEG,252.1,835c2a9f346adc65d506e4a368daf70e,11151701905103058164
/Users/khangtran/.cache/kagglehub/datasets/saurabhbagchi/deepfake-image-detection/versions/2/test-20250112T065939Z-001/test/fake/267.jpg,Fake,test,1024,1024,RGB,JPEG,382.4,3df77804d9c0fb9ccbe726b5f65bff5c,8086403023060217482
/Users/khangtran/.cache/kagglehub/datasets/saurabhbagchi/deepfake-image-detection/versions/2/test-20250112T065939Z-001/test/fake/268.jpg,Fake,test,750,1187,RGB,JPEG,104.6,951e089bb0d1e600181be0e106969059,17071017569567164656
/Users/khangtran/.cache/kagglehub/datasets/saurabhbagchi/deepfake-image-detection/versions/2/test-20250112T065939Z-001/test/fake/269.jpg,Fake,test,1280,1280,RGB,JPEG,486.6,228775852e9806e0423bd76008619aaf,8716995250869825760
/Users/khangtran/.cache/kagglehub/datasets/saurabhbagchi/deepfake-image-detection/versions/2/test-20250112T065939Z-001/test/fake/27.jpg,Fake,test,570,380,RGB,JPEG,100.3,6ee2a29b906c8a0d8bd4277265a68344,10260595736968620023
/Users/khangtran/.cache/kagglehub/datasets/saurabhbagchi/deepfake-image-detection/versions/2/test-20250112T065939Z-001/test/fake/270.jpg,Fake,test,1280,720,RGB,JPEG,641.3,183fa53a6fc9d922b6aa3af4b317df6f,8246766353102942762
/Users/khangtran/.cache/kagglehub/datasets/saurabhbagchi/deepfake-image-detection/versions/2/test-20250112T065939Z-001/test/fake/271.jpg,Fake,test,645,362,RGB,JPEG,24.9,e53b85f192b2a2ecb71d259ed762924f,3535625977643668565
/Users/khangtran/.cache/kagglehub/datasets/saurabhbagchi/deepfake-image-detection/versions/2/test-20250112T065939Z-001/test/fake/272.jpg,Fake,test,1200,800,RGB,JPEG,105.7,2764239ca6fd5abc73437b81a6ef6cfa,8943336446919002891
/Users/khangtran/.cache/kagglehub/datasets/saurabhbagchi/deepfake-image-detection/versions/2/test-20250112T065939Z-001/test/fake/273.jpg,Fake,test,1600,901,RGB,JPEG,464.0,2832643e0a6a9b6ecec951d04e520f16,12226054367235254925
/Users/khangtran/.cache/kagglehub/datasets/saurabhbagchi/deepfake-image-detection/versions/2/test-20250112T065939Z-001/test/fake/274.jpg,Fake,test,2000,1334,RGB,JPEG,529.6,6e6a307433c656d9912f7e2bad515f71,13310561168655175117
/Users/khangtran/.cache/kagglehub/datasets/saurabhbagchi/deepfake-image-detection/versions/2/test-20250112T065939Z-001/test/fake/275.jpg,Fake,test,1400,749,RGBA,PNG,1081.2,923474f0ed365f30ea48f76745f1621b,5778911453546360932
/Users/khangtran/.cache/kagglehub/datasets/saurabhbagchi/deepfake-image-detection/versions/2/test-20250112T065939Z-001/test/fake/276.jpg,Fake,test,1024,591,P,PNG,288.9,51a7af8da9bed84a6e379bceae1fd074,14974342373762741533
/Users/khangtran/.cache/kagglehub/datasets/saurabhbagchi/deepfake-image-detection/versions/2/test-20250112T065939Z-001/test/fake/277.jpg,Fake,test,750,422,RGB,JPEG,43.8,a2103a2962805101b9b2429b78e5dbfe,4383291823466009854
/Users/khangtran/.cache/kagglehub/datasets/saurabhbagchi/deepfake-image-detection/versions/2/test-20250112T065939Z-001/test/fake/278.jpg,Fake,test,400,400,RGB,JPEG,39.3,6ffdfd299bd3d0fe0f859075adee917f,10188917522403227648
/Users/khangtran/.cache/kagglehub/datasets/saurabhbagchi/deepfake-image-detection/versions/2/test-20250112T065939Z-001/test/fake/279.jpg,Fake,test,634,556,RGB,JPEG,111.5,06be809405ffdf6dfda62d4fff383811,12014641496002175780
/Users/khangtran/.cache/kagglehub/datasets/saurabhbagchi/deepfake-image-detection/versions/2/test-20250112T065939Z-001/test/fake/28.jpg,Fake,test,1024,1024,RGB,JPEG,123.9,575b85065a23fa6f9349b49f61cc2481,292530011790835708
/Users/khangtran/.cache/kagglehub/datasets/saurabhbagchi/deepfake-image-detection/versions/2/test-20250112T065939Z-001/test/fake/280.jpg,Fake,test,640,480,RGB,JPEG,38.0,9be05a74e54270cba1ab1cc97d6b943d,13021299551679793307
/Users/khangtran/.cache/kagglehub/datasets/saurabhbagchi/deepfake-image-detection/versions/2/test-20250112T065939Z-001/test/fake/281.jpg,Fake,test,2000,2000,RGB,JPEG,483.1,3de0e9875ed7a3a69ef9966cb068f147,15903605498240730860
/Users/khangtran/.cache/kagglehub/datasets/saurabhbagchi/deepfake-image-detection/versions/2/test-20250112T065939Z-001/test/fake/282.jpg,Fake,test,1280,720,RGB,JPEG,66.0,23484d9c6d90edfc2c53a0738c36ca76,3706868426574335374
/Users/khangtran/.cache/kagglehub/datasets/saurabhbagchi/deepfake-image-detection/versions/2/test-20250112T065939Z-001/test/fake/283.jpg,Fake,test,800,480,RGBA,PNG,534.5,224e51dbf49235b7f718093ac8505020,1887908962994160387
/Users/khangtran/.cache/kagglehub/datasets/saurabhbagchi/deepfake-image-detection/versions/2/test-20250112T065939Z-001/test/fake/284.jpg,Fake,test,1280,720,RGB,JPEG,111.4,11497ac3f50d4c13087f8239226a782d,3717041571634149616
/Users/khangtran/.cache/kagglehub/datasets/saurabhbagchi/deepfake-image-detection/versions/2/test-20250112T065939Z-001/test/fake/285.jpg,Fake,test,2000,1333,RGB,JPEG,279.4,d619f40b5d536554217d0391a688752a,10839245336666657747
/Users/khangtran/.cache/kagglehub/datasets/saurabhbagchi/deepfake-image-detection/versions/2/test-20250112T065939Z-001/test/fake/286.jpg,Fake,test,6000,4001,RGB,JPEG,2286.2,95065a9a4cedaae564ea58dc9de7303a,3562541027337187938
/Users/khangtran/.cache/kagglehub/datasets/saurabhbagchi/deepfake-image-detection/versions/2/test-20250112T065939Z-001/test/fake/287.jpg,Fake,test,370,490,RGB,JPEG,38.4,5f194c22d490550a6fef15fe4845349b,10960666638145067022
/Users/khangtran/.cache/kagglehub/datasets/saurabhbagchi/deepfake-image-detection/versions/2/test-20250112T065939Z-001/test/fake/288.jpg,Fake,test,626,358,RGB,JPEG,58.3,4bbcfffc8340af0b76c10421369d7d37,17074473246154552315
/Users/khangtran/.cache/kagglehub/datasets/saurabhbagchi/deepfake-image-detection/versions/2/test-20250112T065939Z-001/test/fake/289.jpg,Fake,test,626,626,RGB,JPEG,103.5,41829915ef527b3ec47ba51dda690322,17940354033390238960
/Users/khangtran/.cache/kagglehub/datasets/saurabhbagchi/deepfake-image-detection/versions/2/test-20250112T065939Z-001/test/fake/29.jpg,Fake,test,2000,1252,RGB,JPEG,123.2,d095ae73101f76ad1fb4355c88097eec,5796397672275962080
/Users/khangtran/.cache/kagglehub/datasets/saurabhbagchi/deepfake-image-detection/versions/2/test-20250112T065939Z-001/test/fake/290.jpg,Fake,test,751,1000,RGB,JPEG,101.7,f4005b3b1aee18a4b7a856337bc97d1c,17640812787547299057
/Users/khangtran/.cache/kagglehub/datasets/saurabhbagchi/deepfake-image-detection/versions/2/test-20250112T065939Z-001/test/fake/291.jpg,Fake,test,800,400,RGB,JPEG,38.5,5ed2a433f6626badcf6a855538b1f408,3707560651045768332
/Users/khangtran/.cache/kagglehub/datasets/saurabhbagchi/deepfake-image-detection/versions/2/test-20250112T065939Z-001/test/fake/292.jpg,Fake,test,512,512,RGB,JPEG,47.3,c7eba7f74c30138d42c741de0fcc4d03,18225114109307658046
/Users/khangtran/.cache/kagglehub/datasets/saurabhbagchi/deepfake-image-detection/versions/2/test-20250112T065939Z-001/test/fake/293.jpg,Fake,test,1200,630,RGB,PNG,682.4,09d7318bd01266ac3617b7d15c5b8d46,15841580022754259409
/Users/khangtran/.cache/kagglehub/datasets/saurabhbagchi/deepfake-image-detection/versions/2/test-20250112T065939Z-001/test/fake/294.jpg,Fake,test,3000,1688,RGB,JPEG,864.3,63497caa2eefc14d1bfdf333fa675470,10706945853288002198
/Users/khangtran/.cache/kagglehub/datasets/saurabhbagchi/deepfake-image-detection/versions/2/test-20250112T065939Z-001/test/fake/295.jpg,Fake,test,3840,1919,RGB,JPEG,1051.4,65cfde3f237c4bc2828afbe19df27640,36101864352772998
/Users/khangtran/.cache/kagglehub/datasets/saurabhbagchi/deepfake-image-detection/versions/2/test-20250112T065939Z-001/test/fake/296.jpg,Fake,test,1440,960,RGB,JPEG,85.5,61897c76e4673e8971e5e179b5b5018e,3906369606786343906
/Users/khangtran/.cache/kagglehub/datasets/saurabhbagchi/deepfake-image-detection/versions/2/test-20250112T065939Z-001/test/fake/297.jpg,Fake,test,1280,1000,RGB,JPEG,159.3,fbcbdc6be4179b4cb4abe96393db1a6d,9875051112622041256
/Users/khangtran/.cache/kagglehub/datasets/saurabhbagchi/deepfake-image-detection/versions/2/test-20250112T065939Z-001/test/fake/298.jpg,Fake,test,925,1280,RGB,JPEG,283.6,ea35a656d7c6548527827341cafdc8b0,11557578352001254347
/Users/khangtran/.cache/kagglehub/datasets/saurabhbagchi/deepfake-image-detection/versions/2/test-20250112T065939Z-001/test/fake/299.jpg,Fake,test,1920,1278,RGB,JPEG,355.8,d51948919938fa1a69c3b3dccc24c74b,13155736713905998688
/Users/khangtran/.cache/kagglehub/datasets/saurabhbagchi/deepfake-image-detection/versions/2/test-20250112T065939Z-001/test/fake/3.jpg,Fake,test,1000,1012,RGB,JPEG,126.9,10c9f494f8304d92fdc2538fd2fd8658,1012803295223029021
/Users/khangtran/.cache/kagglehub/datasets/saurabhbagchi/deepfake-image-detection/versions/2/test-20250112T065939Z-001/test/fake/30.jpg,Fake,test,1200,800,RGB,JPEG,73.6,d53363122a3b56c8589fdf25e0a0ab74,4569873152232089447
/Users/khangtran/.cache/kagglehub/datasets/saurabhbagchi/deepfake-image-detection/versions/2/test-20250112T065939Z-001/test/fake/300.jpg,Fake,test,800,800,RGB,PNG,860.5,278310e6b1319d9bfa0e2b339bae77ca,8712434418456262881
/Users/khangtran/.cache/kagglehub/datasets/saurabhbagchi/deepfake-image-detection/versions/2/test-20250112T065939Z-001/test/fake/301.jpg,Fake,test,880,880,RGB,JPEG,184.8,04db63783125e0eedba9bff061b28ba8,10969700466064528918
/Users/khangtran/.cache/kagglehub/datasets/saurabhbagchi/deepfake-image-detection/versions/2/test-20250112T065939Z-001/test/fake/302.jpg,Fake,test,1024,1024,RGB,PNG,919.1,00ef851ee0c29adcbc6c185614e1daff,17361650173234320205
/Users/khangtran/.cache/kagglehub/datasets/saurabhbagchi/deepfake-image-detection/versions/2/test-20250112T065939Z-001/test/fake/303.jpg,Fake,test,1200,809,RGB,JPEG,168.6,905b657b4cda07a10c71d83c1c5763a6,15922750229770378163
/Users/khangtran/.cache/kagglehub/datasets/saurabhbagchi/deepfake-image-detection/versions/2/test-20250112T065939Z-001/test/fake/304.jpg,Fake,test,1024,811,RGB,JPEG,286.8,652a0f342b1c5e45b390a6f6333c971d,12355471025108138910
/Users/khangtran/.cache/kagglehub/datasets/saurabhbagchi/deepfake-image-detection/versions/2/test-20250112T065939Z-001/test/fake/305.jpg,Fake,test,512,512,RGB,PNG,402.5,8d884627a7e4ef2ee727b07858f64bda,17380009863094407153
/Users/khangtran/.cache/kagglehub/datasets/saurabhbagchi/deepfake-image-detection/versions/2/test-20250112T065939Z-001/test/fake/306.jpg,Fake,test,1946,1096,RGB,JPEG,205.9,4f6a75d283b2766f60f5085d070acd19,17436242284243450361
/Users/khangtran/.cache/kagglehub/datasets/saurabhbagchi/deepfake-image-detection/versions/2/test-20250112T065939Z-001/test/fake/307.jpg,Fake,test,2000,1333,RGB,JPEG,1243.4,bcd8bc3fa7b80c39aef93c61999cd78d,16837736780987124298
/Users/khangtran/.cache/kagglehub/datasets/saurabhbagchi/deepfake-image-detection/versions/2/test-20250112T065939Z-001/test/fake/308.jpg,Fake,test,1400,933,RGB,PNG,2220.9,3af7bc30ac1e75b18f95a26e198748ba,10562777888385305395
/Users/khangtran/.cache/kagglehub/datasets/saurabhbagchi/deepfake-image-detection/versions/2/test-20250112T065939Z-001/test/fake/309.jpg,Fake,test,1200,800,RGB,JPEG,90.7,4906c4042dfde7521ba083eaa54c04cb,244148040010120508
/Users/khangtran/.cache/kagglehub/datasets/saurabhbagchi/deepfake-image-detection/versions/2/test-20250112T065939Z-001/test/fake/31.jpg,Fake,test,1024,1024,RGB,PNG,1311.5,fcc43a4967d3a6f91d8056826b5bba96,3689348814272144100
/Users/khangtran/.cache/kagglehub/datasets/saurabhbagchi/deepfake-image-detection/versions/2/test-20250112T065939Z-001/test/fake/310.jpg,Fake,test,2000,2000,RGB,JPEG,525.3,cafb86dd1533395f55a3c89b7580c53b,4259595567915104039
/Users/khangtran/.cache/kagglehub/datasets/saurabhbagchi/deepfake-image-detection/versions/2/test-20250112T065939Z-001/test/fake/311.jpg,Fake,test,1456,816,RGB,PNG,1369.5,6e8716654be81fed34d720df324ef32a,17352603374819566064
/Users/khangtran/.cache/kagglehub/datasets/saurabhbagchi/deepfake-image-detection/versions/2/test-20250112T065939Z-001/test/fake/312.jpg,Fake,test,735,435,RGB,JPEG,158.7,c0cd7d230e7df0cc93f2603aa2a7f3e6,12950002480825699202
/Users/khangtran/.cache/kagglehub/datasets/saurabhbagchi/deepfake-image-detection/versions/2/test-20250112T065939Z-001/test/fake/313.jpg,Fake,test,1600,1600,RGB,JPEG,593.8,495044765dac29c70e006e8752442367,1842192611553557400
/Users/khangtran/.cache/kagglehub/datasets/saurabhbagchi/deepfake-image-detection/versions/2/test-20250112T065939Z-001/test/fake/314.jpg,Fake,test,1080,1080,RGB,JPEG,183.8,31b2c11be5736d5304a21e74bdbd268a,7706760729403963874
/Users/khangtran/.cache/kagglehub/datasets/saurabhbagchi/deepfake-image-detection/versions/2/test-20250112T065939Z-001/test/fake/315.jpg,Fake,test,1024,1024,RGB,JPEG,194.5,7977de3733398b2f8a49162279d512ba,14757958208954748108
/Users/khangtran/.cache/kagglehub/datasets/saurabhbagchi/deepfake-image-detection/versions/2/test-20250112T065939Z-001/test/fake/316.jpg,Fake,test,768,432,RGB,JPEG,87.3,438a03a850df52262ee813df8dd1c7cc,3156122618880194937
/Users/khangtran/.cache/kagglehub/datasets/saurabhbagchi/deepfake-image-detection/versions/2/test-20250112T065939Z-001/test/fake/317.jpg,Fake,test,900,438,RGB,PNG,679.3,3453632069acc3b3a4f992f4146c017d,12749955327969063409
/Users/khangtran/.cache/kagglehub/datasets/saurabhbagchi/deepfake-image-detection/versions/2/test-20250112T065939Z-001/test/fake/318.jpg,Fake,test,780,780,RGB,JPEG,254.7,c0365685e35964993189d9c44a064944,3978426931605640082
/Users/khangtran/.cache/kagglehub/datasets/saurabhbagchi/deepfake-image-detection/versions/2/test-20250112T065939Z-001/test/fake/319.jpg,Fake,test,1148,646,RGB,JPEG,95.3,183f6f0b286e27b28f4b289f08afa0ee,10849777017873937136
/Users/khangtran/.cache/kagglehub/datasets/saurabhbagchi/deepfake-image-detection/versions/2/test-20250112T065939Z-001/test/fake/32.jpg,Fake,test,3484,1960,RGB,JPEG,540.5,33bbb8994e2e10a4ed0e8dc5300e526b,8356654355934166841
/Users/khangtran/.cache/kagglehub/datasets/saurabhbagchi/deepfake-image-detection/versions/2/test-20250112T065939Z-001/test/fake/320.jpg,Fake,test,1212,1480,RGBA,PNG,4447.5,06d99d352ca6688c5bf8048ec747093d,2887494499301362828
/Users/khangtran/.cache/kagglehub/datasets/saurabhbagchi/deepfake-image-detection/versions/2/test-20250112T065939Z-001/test/fake/321.jpg,Fake,test,1024,688,RGB,JPEG,240.3,0a971cb5520e5b086b0bb4281f3c79c3,17935775347564538080
/Users/khangtran/.cache/kagglehub/datasets/saurabhbagchi/deepfake-image-detection/versions/2/test-20250112T065939Z-001/test/fake/322.jpg,Fake,test,700,350,RGB,JPEG,61.3,3b79c3c21f9f7df27eae93476ad38367,10489042241293334843
/Users/khangtran/.cache/kagglehub/datasets/saurabhbagchi/deepfake-image-detection/versions/2/test-20250112T065939Z-001/test/fake/323.jpg,Fake,test,2048,1649,RGB,JPEG,418.5,512f875b8d3eba96fb4b403840d4d275,16348313903805023430
/Users/khangtran/.cache/kagglehub/datasets/saurabhbagchi/deepfake-image-detection/versions/2/test-20250112T065939Z-001/test/fake/324.jpg,Fake,test,520,520,RGB,JPEG,133.1,6f50e257b5a60d538e1fb01f9125848d,17940367277989354682
/Users/khangtran/.cache/kagglehub/datasets/saurabhbagchi/deepfake-image-detection/versions/2/test-20250112T065939Z-001/test/fake/325.jpg,Fake,test,626,626,RGB,JPEG,145.7,917ea52856903abb98a224eb49efb673,13890090746594767346
/Users/khangtran/.cache/kagglehub/datasets/saurabhbagchi/deepfake-image-detection/versions/2/test-20250112T065939Z-001/test/fake/326.jpg,Fake,test,800,800,RGB,JPEG,89.8,acb198946b15086db2dd65160cf83a21,2388358217880454757
/Users/khangtran/.cache/kagglehub/datasets/saurabhbagchi/deepfake-image-detection/versions/2/test-20250112T065939Z-001/test/fake/327.jpg,Fake,test,1200,675,RGBA,PNG,1263.7,3fc78f38868789d1a9ec310c6f880d9e,14613271257594731740
/Users/khangtran/.cache/kagglehub/datasets/saurabhbagchi/deepfake-image-detection/versions/2/test-20250112T065939Z-001/test/fake/328.jpg,Fake,test,1920,1080,RGB,JPEG,317.9,717834ca03339324e58a4d9a68021707,14287179823728260086
/Users/khangtran/.cache/kagglehub/datasets/saurabhbagchi/deepfake-image-detection/versions/2/test-20250112T065939Z-001/test/fake/329.jpg,Fake,test,800,533,RGB,JPEG,64.5,14e75a9af059a4ea197758aa0bdb98e0,17220767687299103980
/Users/khangtran/.cache/kagglehub/datasets/saurabhbagchi/deepfake-image-detection/versions/2/test-20250112T065939Z-001/test/fake/33.jpg,Fake,test,397,706,RGB,JPEG,51.2,d07af93fbec82805aeab738167905f7f,10332211247560730212
/Users/khangtran/.cache/kagglehub/datasets/saurabhbagchi/deepfake-image-detection/versions/2/test-20250112T065939Z-001/test/fake/330.jpg,Fake,test,2048,1052,RGB,JPEG,293.9,3a995eb247ddbdc62021c11bccc48c77,4150799995254248580
/Users/khangtran/.cache/kagglehub/datasets/saurabhbagchi/deepfake-image-detection/versions/2/test-20250112T065939Z-001/test/fake/331.jpg,Fake,test,3000,1687,RGB,JPEG,1958.2,dbf63d1523cf4ca08b74899d07bee5b9,8772343101962582457
/Users/khangtran/.cache/kagglehub/datasets/saurabhbagchi/deepfake-image-detection/versions/2/test-20250112T065939Z-001/test/fake/332.jpg,Fake,test,768,1024,RGB,JPEG,113.5,cb7d51b9a5f2d4222fb5edd4bb6d1764,4868690712349036387
/Users/khangtran/.cache/kagglehub/datasets/saurabhbagchi/deepfake-image-detection/versions/2/test-20250112T065939Z-001/test/fake/333.jpg,Fake,test,800,800,RGB,JPEG,47.8,6272fc5c1dae70d4df0362fe0f63834b,18212195926752684272
/Users/khangtran/.cache/kagglehub/datasets/saurabhbagchi/deepfake-image-detection/versions/2/test-20250112T065939Z-001/test/fake/334.jpg,Fake,test,1536,1024,RGB,JPEG,539.3,5c56ff4a5498b9f4aaaf5203f3480376,1374463283923453831
/Users/khangtran/.cache/kagglehub/datasets/saurabhbagchi/deepfake-image-detection/versions/2/test-20250112T065939Z-001/test/fake/335.jpg,Fake,test,1600,900,RGB,JPEG,473.3,973f41154cfe1339ecd80473c1026e0f,3942513190920338580
/Users/khangtran/.cache/kagglehub/datasets/saurabhbagchi/deepfake-image-detection/versions/2/test-20250112T065939Z-001/test/fake/336.jpg,Fake,test,1024,1536,RGB,JPEG,311.9,acfee4c1a77b5ab96aa480d732051b33,17362192065689881873
/Users/khangtran/.cache/kagglehub/datasets/saurabhbagchi/deepfake-image-detection/versions/2/test-20250112T065939Z-001/test/fake/337.jpg,Fake,test,1920,1920,RGB,JPEG,670.8,5a7ada6b16861003a98edd144e3af984,16195473094813879768
/Users/khangtran/.cache/kagglehub/datasets/saurabhbagchi/deepfake-image-detection/versions/2/test-20250112T065939Z-001/test/fake/338.jpg,Fake,test,708,400,RGB,JPEG,47.9,c8348a34470a4b84b2b724d5e514d527,17361650328771554026
/Users/khangtran/.cache/kagglehub/datasets/saurabhbagchi/deepfake-image-detection/versions/2/test-20250112T065939Z-001/test/fake/339.jpg,Fake,test,800,800,RGB,JPEG,87.6,cb161dc86f1af5ad90cfb49f045cff35,17938366064521296056
/Users/khangtran/.cache/kagglehub/datasets/saurabhbagchi/deepfake-image-detection/versions/2/test-20250112T065939Z-001/test/fake/34.jpg,Fake,test,700,875,RGB,JPEG,82.9,5d3707371e5ab631ca3d5b54d21a98e8,18367551503080025840
/Users/khangtran/.cache/kagglehub/datasets/saurabhbagchi/deepfake-image-detection/versions/2/test-20250112T065939Z-001/test/fake/340.jpg,Fake,test,1200,800,RGB,JPEG,90.1,34480dd796413af79961549c5af07a46,2035459216047031305
/Users/khangtran/.cache/kagglehub/datasets/saurabhbagchi/deepfake-image-detection/versions/2/test-20250112T065939Z-001/test/fake/341.jpg,Fake,test,570,380,RGB,JPEG,82.3,f25f6cff9448de0cc77fb67a90ff28fa,17935863505997450492
/Users/khangtran/.cache/kagglehub/datasets/saurabhbagchi/deepfake-image-detection/versions/2/test-20250112T065939Z-001/test/fake/342.jpg,Fake,test,1024,683,RGB,JPEG,160.0,8eab1293fa35b5bfd2eff653ac57848d,10851021545855438554
/Users/khangtran/.cache/kagglehub/datasets/saurabhbagchi/deepfake-image-detection/versions/2/test-20250112T065939Z-001/test/fake/343.jpg,Fake,test,2940,1960,RGB,JPEG,295.8,fc45198d2e99def378642187b427f22b,16204163410661892963
/Users/khangtran/.cache/kagglehub/datasets/saurabhbagchi/deepfake-image-detection/versions/2/test-20250112T065939Z-001/test/fake/344.jpg,Fake,test,1920,1200,RGB,JPEG,363.6,770021c359ba686dd0d05e816603d8c6,17560567836840560840
/Users/khangtran/.cache/kagglehub/datasets/saurabhbagchi/deepfake-image-detection/versions/2/test-20250112T065939Z-001/test/fake/345.jpg,Fake,test,570,570,RGB,JPEG,125.5,6c8376a64c4d20d93541c179d6f1cecc,16632524094500830446
/Users/khangtran/.cache/kagglehub/datasets/saurabhbagchi/deepfake-image-detection/versions/2/test-20250112T065939Z-001/test/fake/346.jpg,Fake,test,660,660,RGB,JPEG,160.1,3f91e9aa0e399b843837e7fb6729d0a7,16781040294790857972
/Users/khangtran/.cache/kagglehub/datasets/saurabhbagchi/deepfake-image-detection/versions/2/test-20250112T065939Z-001/test/fake/347.jpg,Fake,test,1024,1024,RGBA,PNG,1621.6,4130b6778893450ea37c188c422f8ee3,12011577053708815372
/Users/khangtran/.cache/kagglehub/datasets/saurabhbagchi/deepfake-image-detection/versions/2/test-20250112T065939Z-001/test/fake/348.jpg,Fake,test,2560,1440,RGB,JPEG,314.5,debc510eb0cfbacc9b9c95efb4f4ded7,16637078308981218831
/Users/khangtran/.cache/kagglehub/datasets/saurabhbagchi/deepfake-image-detection/versions/2/test-20250112T065939Z-001/test/fake/349.jpg,Fake,test,1761,1080,RGB,JPEG,410.5,f6be0ff1e8cffd1dec5c4aa40ef0cb0c,9856370522154304134
/Users/khangtran/.cache/kagglehub/datasets/saurabhbagchi/deepfake-image-detection/versions/2/test-20250112T065939Z-001/test/fake/35.jpg,Fake,test,800,800,RGB,JPEG,91.6,9c86149c98085afedaeb534ba166289a,9836108842891140774
/Users/khangtran/.cache/kagglehub/datasets/saurabhbagchi/deepfake-image-detection/versions/2/test-20250112T065939Z-001/test/fake/350.jpg,Fake,test,700,875,RGB,JPEG,83.0,0951908cbbdffc04677b0c62d1f54aa9,18010442198537145368
/Users/khangtran/.cache/kagglehub/datasets/saurabhbagchi/deepfake-image-detection/versions/2/test-20250112T065939Z-001/test/fake/351.jpg,Fake,test,1200,800,RGB,JPEG,138.8,9cf79bb8568790ea2588c8e84a635607,7224745166922753734
/Users/khangtran/.cache/kagglehub/datasets/saurabhbagchi/deepfake-image-detection/versions/2/test-20250112T065939Z-001/test/fake/352.jpg,Fake,test,680,453,RGB,JPEG,111.0,560b5d65f6d0d78e072743e6fdc13dda,18201527627337496688
/Users/khangtran/.cache/kagglehub/datasets/saurabhbagchi/deepfake-image-detection/versions/2/test-20250112T065939Z-001/test/fake/353.jpg,Fake,test,1024,512,RGB,JPEG,57.5,cd7526a97baffc0106ff92b24200594f,11285064772340194332
/Users/khangtran/.cache/kagglehub/datasets/saurabhbagchi/deepfake-image-detection/versions/2/test-20250112T065939Z-001/test/fake/354.jpg,Fake,test,720,1280,RGB,JPEG,160.5,370d8f7c33f39c86439b929690ab0ab9,15518342459136635755
/Users/khangtran/.cache/kagglehub/datasets/saurabhbagchi/deepfake-image-detection/versions/2/test-20250112T065939Z-001/test/fake/355.jpg,Fake,test,259,195,RGB,JPEG,13.9,b2f119ea3d48abebaedc8fe98e08999a,14538685200703663019
/Users/khangtran/.cache/kagglehub/datasets/saurabhbagchi/deepfake-image-detection/versions/2/test-20250112T065939Z-001/test/fake/356.jpg,Fake,test,1024,577,RGB,JPEG,673.0,65cd082327388bf45bd490bdf809a37a,7146963952741430974
/Users/khangtran/.cache/kagglehub/datasets/saurabhbagchi/deepfake-image-detection/versions/2/test-20250112T065939Z-001/test/fake/357.jpg,Fake,test,1200,738,RGB,JPEG,160.1,2d54a57d1a7c8405d027f9903ff9e4cf,15223110871613436763
/Users/khangtran/.cache/kagglehub/datasets/saurabhbagchi/deepfake-image-detection/versions/2/test-20250112T065939Z-001/test/fake/358.jpg,Fake,test,2000,1143,RGB,JPEG,704.5,a88d437b8525249a3fa88c8ef30cf6a5,2981651005696154777
/Users/khangtran/.cache/kagglehub/datasets/saurabhbagchi/deepfake-image-detection/versions/2/test-20250112T065939Z-001/test/fake/359.jpg,Fake,test,1280,540,RGB,JPEG,101.6,f1be2763fd400fe4d95c688b853b9f9c,8391671974681279002
/Users/khangtran/.cache/kagglehub/datasets/saurabhbagchi/deepfake-image-detection/versions/2/test-20250112T065939Z-001/test/fake/36.jpg,Fake,test,1280,731,RGB,JPEG,176.3,245414a38bd8329292a45bb1ecf6cb97,16629192815861627120
/Users/khangtran/.cache/kagglehub/datasets/saurabhbagchi/deepfake-image-detection/versions/2/test-20250112T065939Z-001/test/fake/360.jpg,Fake,test,512,512,RGB,JPEG,99.7,f0d0dbf97db127447cb85048c5e0b556,14730795873534272740
/Users/khangtran/.cache/kagglehub/datasets/saurabhbagchi/deepfake-image-detection/versions/2/test-20250112T065939Z-001/test/fake/361.jpg,Fake,test,1200,675,RGB,JPEG,1186.3,c264245e48fb121a5f96475b895d473d,17358251637198417351
/Users/khangtran/.cache/kagglehub/datasets/saurabhbagchi/deepfake-image-detection/versions/2/test-20250112T065939Z-001/test/fake/362.jpg,Fake,test,1800,895,RGB,JPEG,82.1,15f6168a9419333dcd06b5ff4bbc7747,13684730411391514848
/Users/khangtran/.cache/kagglehub/datasets/saurabhbagchi/deepfake-image-detection/versions/2/test-20250112T065939Z-001/test/fake/363.jpg,Fake,test,275,183,RGB,JPEG,13.5,916dcc3ae710b2b1c87082cea78ba85c,8943336446919002891
/Users/khangtran/.cache/kagglehub/datasets/saurabhbagchi/deepfake-image-detection/versions/2/test-20250112T065939Z-001/test/fake/364.jpg,Fake,test,1840,1840,RGB,JPEG,253.3,6507754cfb3fe81535fd0c90daf4afab,17941488729045347430
/Users/khangtran/.cache/kagglehub/datasets/saurabhbagchi/deepfake-image-detection/versions/2/test-20250112T065939Z-001/test/fake/365.jpg,Fake,test,961,964,RGB,PNG,1052.0,f014273e9af9c9bb7ac0d492ba00c886,16784050465374256880
/Users/khangtran/.cache/kagglehub/datasets/saurabhbagchi/deepfake-image-detection/versions/2/test-20250112T065939Z-001/test/fake/366.jpg,Fake,test,2048,1365,RGB,JPEG,1013.8,66ca3f15e4d52aad12b730582e41f9e2,14397951695402142860
/Users/khangtran/.cache/kagglehub/datasets/saurabhbagchi/deepfake-image-detection/versions/2/test-20250112T065939Z-001/test/fake/367.jpg,Fake,test,880,440,RGB,JPEG,58.1,28ac560e6ca39c03c198bc46ebc85eff,2409835319138739300
/Users/khangtran/.cache/kagglehub/datasets/saurabhbagchi/deepfake-image-detection/versions/2/test-20250112T065939Z-001/test/fake/368.jpg,Fake,test,1100,618,RGB,JPEG,99.4,1afe2812c5d73c49df68fbeadb58913e,8443454582907694919
/Users/khangtran/.cache/kagglehub/datasets/saurabhbagchi/deepfake-image-detection/versions/2/test-20250112T065939Z-001/test/fake/369.jpg,Fake,test,600,400,RGBA,PNG,408.5,bffb67b00bdf68570755ac08deef3b01,15910171086869531852
/Users/khangtran/.cache/kagglehub/datasets/saurabhbagchi/deepfake-image-detection/versions/2/test-20250112T065939Z-001/test/fake/37.jpg,Fake,test,1920,1080,RGB,JPEG,157.8,38532541d2564465234f63cd116374d0,16629197213905708003
/Users/khangtran/.cache/kagglehub/datasets/saurabhbagchi/deepfake-image-detection/versions/2/test-20250112T065939Z-001/test/fake/370.jpg,Fake,test,1024,768,RGB,JPEG,130.9,7c688015a81560267183971c9dff4927,13310943818668884160
/Users/khangtran/.cache/kagglehub/datasets/saurabhbagchi/deepfake-image-detection/versions/2/test-20250112T065939Z-001/test/fake/371.jpg,Fake,test,2819,1960,RGB,JPEG,420.4,33231b08cf42501d6b060397ec741425,5513697089628037176
/Users/khangtran/.cache/kagglehub/datasets/saurabhbagchi/deepfake-image-detection/versions/2/test-20250112T065939Z-001/test/fake/372.jpg,Fake,test,800,450,RGB,JPEG,60.9,986b8624a34eb3c6a8094b4ed6a89127,16773886140143317985
/Users/khangtran/.cache/kagglehub/datasets/saurabhbagchi/deepfake-image-detection/versions/2/test-20250112T065939Z-001/test/fake/373.jpg,Fake,test,1536,1024,RGBA,PNG,3767.0,5d4eab0ad5caa66ea64f19ccdd50c605,3042773198131078790
/Users/khangtran/.cache/kagglehub/datasets/saurabhbagchi/deepfake-image-detection/versions/2/test-20250112T065939Z-001/test/fake/374.jpg,Fake,test,1960,1960,RGB,JPEG,465.5,33ae27447e142a9e1bd7b169fcc03838,14971815193719902385
/Users/khangtran/.cache/kagglehub/datasets/saurabhbagchi/deepfake-image-detection/versions/2/test-20250112T065939Z-001/test/fake/375.jpg,Fake,test,2408,1344,RGB,PNG,3772.4,70ec47d9ef0fa30565c8ce5256766139,16204198595403246792
/Users/khangtran/.cache/kagglehub/datasets/saurabhbagchi/deepfake-image-detection/versions/2/test-20250112T065939Z-001/test/fake/376.jpg,Fake,test,416,274,RGBA,PNG,176.8,a291c5102abd890c66a7a84fe7372218,11212232276997414536
/Users/khangtran/.cache/kagglehub/datasets/saurabhbagchi/deepfake-image-detection/versions/2/test-20250112T065939Z-001/test/fake/377.jpg,Fake,test,259,194,RGB,JPEG,12.8,7c2df973395c71df24a221df9624967f,81105514511852936
/Users/khangtran/.cache/kagglehub/datasets/saurabhbagchi/deepfake-image-detection/versions/2/test-20250112T065939Z-001/test/fake/378.jpg,Fake,test,900,900,RGB,JPEG,116.1,5c787589999faca776fee4d92638b5c7,4338688362335713043
/Users/khangtran/.cache/kagglehub/datasets/saurabhbagchi/deepfake-image-detection/versions/2/test-20250112T065939Z-001/test/fake/379.jpg,Fake,test,1920,1080,P,PNG,906.3,1f3e9359ef38ca6d9a301e0dfb2a1d77,17940529127248457833
/Users/khangtran/.cache/kagglehub/datasets/saurabhbagchi/deepfake-image-detection/versions/2/test-20250112T065939Z-001/test/fake/38.jpg,Fake,test,1024,1024,RGB,PNG,1287.7,4cbccaed33c7f31df324603cb3fdf429,14290169680867891342
/Users/khangtran/.cache/kagglehub/datasets/saurabhbagchi/deepfake-image-detection/versions/2/test-20250112T065939Z-001/test/fake/380.jpg,Fake,test,750,750,RGB,JPEG,83.2,0bb587ac9bdb4447c966693281cfc77e,344176661077525382
/Users/khangtran/.cache/kagglehub/datasets/saurabhbagchi/deepfake-image-detection/versions/2/test-20250112T065939Z-001/test/fake/381.jpg,Fake,test,959,537,RGB,PNG,726.9,407807c7e3e7cdfbd3da2150b6581d12,17363871187505567960
/Users/khangtran/.cache/kagglehub/datasets/saurabhbagchi/deepfake-image-detection/versions/2/test-20250112T065939Z-001/test/fake/382.jpg,Fake,test,1200,738,RGB,JPEG,156.3,dc353424a544da5f377ed1fc0d1fcc17,2097670691203700215
/Users/khangtran/.cache/kagglehub/datasets/saurabhbagchi/deepfake-image-detection/versions/2/test-20250112T065939Z-001/test/fake/383.jpg,Fake,test,1024,1024,RGB,PNG,1322.2,47d05a18653df2129523c7f9777a59ca,5534023221321194697
/Users/khangtran/.cache/kagglehub/datasets/saurabhbagchi/deepfake-image-detection/versions/2/test-20250112T065939Z-001/test/fake/384.jpg,Fake,test,1440,960,RGB,JPEG,96.3,e45c0f31e7a6a4beb4ea293e7695b265,3517532895607121030
/Users/khangtran/.cache/kagglehub/datasets/saurabhbagchi/deepfake-image-detection/versions/2/test-20250112T065939Z-001/test/fake/385.jpg,Fake,test,2000,2000,RGB,JPEG,232.1,395567efec11aef4908a4a39db2c5105,17901915453832347784
/Users/khangtran/.cache/kagglehub/datasets/saurabhbagchi/deepfake-image-detection/versions/2/test-20250112T065939Z-001/test/fake/386.jpg,Fake,test,850,450,P,PNG,69.8,06eec22f4d43a6d8aebaba34c50c9722,1158431584512270432
/Users/khangtran/.cache/kagglehub/datasets/saurabhbagchi/deepfake-image-detection/versions/2/test-20250112T065939Z-001/test/fake/387.jpg,Fake,test,768,768,RGB,JPEG,38.4,af25b242c378ac1f25e2f732c86b05ac,18225784978151829214
/Users/khangtran/.cache/kagglehub/datasets/saurabhbagchi/deepfake-image-detection/versions/2/test-20250112T065939Z-001/test/fake/388.jpg,Fake,test,1600,1600,RGB,JPEG,357.0,5bac88f974b61bd43c42fede8accaf2a,17940327696718154976
/Users/khangtran/.cache/kagglehub/datasets/saurabhbagchi/deepfake-image-detection/versions/2/test-20250112T065939Z-001/test/fake/389.jpg,Fake,test,956,956,RGB,PNG,1138.5,23076cc5257a0fddb5ec7563bf0edecb,8707877660742557388
/Users/khangtran/.cache/kagglehub/datasets/saurabhbagchi/deepfake-image-detection/versions/2/test-20250112T065939Z-001/test/fake/39.jpg,Fake,test,750,375,RGB,JPEG,65.8,d1e0b067c0d965decd9e1b2ecf34a678,3699097231433216947
/Users/khangtran/.cache/kagglehub/datasets/saurabhbagchi/deepfake-image-detection/versions/2/test-20250112T065939Z-001/test/fake/390.jpg,Fake,test,832,832,RGB,JPEG,105.7,d515c95e7359cba89eb3c2f7e585325a,10289824161287933068
/Users/khangtran/.cache/kagglehub/datasets/saurabhbagchi/deepfake-image-detection/versions/2/test-20250112T065939Z-001/test/fake/391.jpg,Fake,test,1400,933,RGB,PNG,2220.8,2914d751bfb87194006dff0659e023a4,4267502840823102239
/Users/khangtran/.cache/kagglehub/datasets/saurabhbagchi/deepfake-image-detection/versions/2/test-20250112T065939Z-001/test/fake/392.jpg,Fake,test,1200,630,RGB,JPEG,237.1,d0d8d4ff6c22f2f0d2ec1ea10a0f162b,14323363043898986099
/Users/khangtran/.cache/kagglehub/datasets/saurabhbagchi/deepfake-image-detection/versions/2/test-20250112T065939Z-001/test/fake/393.jpg,Fake,test,1140,641,RGB,JPEG,155.6,d8321fbe3bf00ad647897285de646afb,12410909996788805880
/Users/khangtran/.cache/kagglehub/datasets/saurabhbagchi/deepfake-image-detection/versions/2/test-20250112T065939Z-001/test/fake/394.jpg,Fake,test,1500,1500,RGB,JPEG,486.5,08a8873943b5d4670207713293c2c72a,17939241293128458472
/Users/khangtran/.cache/kagglehub/datasets/saurabhbagchi/deepfake-image-detection/versions/2/test-20250112T065939Z-001/test/fake/395.jpg,Fake,test,586,749,RGB,JPEG,53.8,65f8c38ee4078055032273b49ac889b0,17976638313621823259
/Users/khangtran/.cache/kagglehub/datasets/saurabhbagchi/deepfake-image-detection/versions/2/test-20250112T065939Z-001/test/fake/396.jpg,Fake,test,2670,2100,RGB,JPEG,1565.3,29510a2167752af482201a8fce1a9406,15610783219302295206
/Users/khangtran/.cache/kagglehub/datasets/saurabhbagchi/deepfake-image-detection/versions/2/test-20250112T065939Z-001/test/fake/397.jpg,Fake,test,1200,628,RGB,JPEG,141.9,ca0c0eb092cd5544826f8819a39c169e,6065550083966577451
/Users/khangtran/.cache/kagglehub/datasets/saurabhbagchi/deepfake-image-detection/versions/2/test-20250112T065939Z-001/test/fake/398.jpg,Fake,test,1600,990,RGB,JPEG,287.3,ce0601dece622e853501b30d81b3c979,13034796482097639606
/Users/khangtran/.cache/kagglehub/datasets/saurabhbagchi/deepfake-image-detection/versions/2/test-20250112T065939Z-001/test/fake/399.jpg,Fake,test,800,1000,RGB,JPEG,158.5,b5e9cb7ede0b7549a77e1e41b5938c49,5898832695786836775
/Users/khangtran/.cache/kagglehub/datasets/saurabhbagchi/deepfake-image-detection/versions/2/test-20250112T065939Z-001/test/fake/4.jpg,Fake,test,640,954,RGB,JPEG,193.3,017dea47fd439d438adbc789b09c2876,542604260373029315
/Users/khangtran/.cache/kagglehub/datasets/saurabhbagchi/deepfake-image-detection/versions/2/test-20250112T065939Z-001/test/fake/40.jpg,Fake,test,650,400,RGB,JPEG,31.3,15ce900f147661d73982cd3dc4be657e,14739310491845041308
/Users/khangtran/.cache/kagglehub/datasets/saurabhbagchi/deepfake-image-detection/versions/2/test-20250112T065939Z-001/test/fake/400.jpg,Fake,test,1000,552,RGB,JPEG,91.7,bd12d94757072994f72a6608f00c9f49,3540716835046667238
/Users/khangtran/.cache/kagglehub/datasets/saurabhbagchi/deepfake-image-detection/versions/2/test-20250112T065939Z-001/test/fake/401.jpg,Fake,test,856,490,RGB,JPEG,118.6,4193729126ba41e1b7e0e74e9fe8a6b3,17851024182365440456
/Users/khangtran/.cache/kagglehub/datasets/saurabhbagchi/deepfake-image-detection/versions/2/test-20250112T065939Z-001/test/fake/402.jpg,Fake,test,3333,1667,P,PNG,2095.7,e6da08c4a119e968aeeee104c2885dc9,17361650311725363890
/Users/khangtran/.cache/kagglehub/datasets/saurabhbagchi/deepfake-image-detection/versions/2/test-20250112T065939Z-001/test/fake/403.jpg,Fake,test,1200,630,RGB,PNG,1269.2,00cf4f2c88c2c007054cb445c8969702,10704105088074720852
/Users/khangtran/.cache/kagglehub/datasets/saurabhbagchi/deepfake-image-detection/versions/2/test-20250112T065939Z-001/test/fake/404.jpg,Fake,test,600,600,RGB,JPEG,116.2,5531410a38d4c214b867e2c0cfee10a1,15627152919858766531
/Users/khangtran/.cache/kagglehub/datasets/saurabhbagchi/deepfake-image-detection/versions/2/test-20250112T065939Z-001/test/fake/405.jpg,Fake,test,1920,1080,RGB,JPEG,348.0,52933d74ea272af4d1c2a0ee43840e5b,5138697727158464430
/Users/khangtran/.cache/kagglehub/datasets/saurabhbagchi/deepfake-image-detection/versions/2/test-20250112T065939Z-001/test/fake/406.jpg,Fake,test,1464,1242,RGBA,PNG,1821.8,6d164c2ffc711dca3ebbd97f34c07adb,3499742851430402505
/Users/khangtran/.cache/kagglehub/datasets/saurabhbagchi/deepfake-image-detection/versions/2/test-20250112T065939Z-001/test/fake/407.jpg,Fake,test,4000,2875,RGB,JPEG,2142.7,895f54d2ed62daf3abe5a7a0d1b248c7,17940925779436977444
/Users/khangtran/.cache/kagglehub/datasets/saurabhbagchi/deepfake-image-detection/versions/2/test-20250112T065939Z-001/test/fake/408.jpg,Fake,test,225,225,RGB,JPEG,15.8,ef84026b43210c8e89a07d207a54f299,15627152919858766531
/Users/khangtran/.cache/kagglehub/datasets/saurabhbagchi/deepfake-image-detection/versions/2/test-20250112T065939Z-001/test/fake/409.jpg,Fake,test,3000,2000,RGB,JPEG,1829.7,6074aabb219e9ae713879f7a23e6b8b8,3698682720385585556
/Users/khangtran/.cache/kagglehub/datasets/saurabhbagchi/deepfake-image-detection/versions/2/test-20250112T065939Z-001/test/fake/41.jpg,Fake,test,1200,675,RGB,JPEG,170.0,a763b679681ccf0428e15e851c209df8,868925414423331603
/Users/khangtran/.cache/kagglehub/datasets/saurabhbagchi/deepfake-image-detection/versions/2/test-20250112T065939Z-001/test/fake/410.jpg,Fake,test,1200,800,RGB,JPEG,65.2,e57d608fb80ee3d31cb91193862c3dd4,8387610489774890862
/Users/khangtran/.cache/kagglehub/datasets/saurabhbagchi/deepfake-image-detection/versions/2/test-20250112T065939Z-001/test/fake/411.jpg,Fake,test,805,1024,RGBA,PNG,809.6,c788e3dd3ed194c585c9fce26ea131c8,16208702383338039059
/Users/khangtran/.cache/kagglehub/datasets/saurabhbagchi/deepfake-image-detection/versions/2/test-20250112T065939Z-001/test/fake/412.jpg,Fake,test,510,517,RGB,JPEG,61.7,aa008654a11f3823739e3e60590d6417,14305441787081656457
/Users/khangtran/.cache/kagglehub/datasets/saurabhbagchi/deepfake-image-detection/versions/2/test-20250112T065939Z-001/test/fake/413.jpg,Fake,test,700,875,RGB,JPEG,77.4,2a3518494a6c3ec49a368e8a05016f6a,4897671204976932999
/Users/khangtran/.cache/kagglehub/datasets/saurabhbagchi/deepfake-image-detection/versions/2/test-20250112T065939Z-001/test/fake/414.jpg,Fake,test,1080,600,RGB,JPEG,261.0,0911eef37adea02ddbe6e2926d2b4030,2712543443772754249
/Users/khangtran/.cache/kagglehub/datasets/saurabhbagchi/deepfake-image-detection/versions/2/test-20250112T065939Z-001/test/fake/415.jpg,Fake,test,2500,880,RGB,JPEG,78.0,48ad292f340871b93d63786e32e13979,14689011128283904872
/Users/khangtran/.cache/kagglehub/datasets/saurabhbagchi/deepfake-image-detection/versions/2/test-20250112T065939Z-001/test/fake/416.jpg,Fake,test,1704,959,RGB,JPEG,432.1,877f352674baf28842fb590ea1fe6db6,3706825116552016690
/Users/khangtran/.cache/kagglehub/datasets/saurabhbagchi/deepfake-image-detection/versions/2/test-20250112T065939Z-001/test/fake/417.jpg,Fake,test,2364,1576,RGB,JPEG,900.8,1597afc0a022bb4b6ada26b3c3121832,9269430035654677377
/Users/khangtran/.cache/kagglehub/datasets/saurabhbagchi/deepfake-image-detection/versions/2/test-20250112T065939Z-001/test/fake/418.jpg,Fake,test,1200,807,RGB,JPEG,146.7,ecf3d05abd664f39664b973779035f08,16494124547432500638
/Users/khangtran/.cache/kagglehub/datasets/saurabhbagchi/deepfake-image-detection/versions/2/test-20250112T065939Z-001/test/fake/419.jpg,Fake,test,1024,1024,RGB,JPEG,117.6,731b8b51c971d4626df7b86752917775,16205043153575923182
/Users/khangtran/.cache/kagglehub/datasets/saurabhbagchi/deepfake-image-detection/versions/2/test-20250112T065939Z-001/test/fake/42.jpg,Fake,test,1000,667,RGB,JPEG,408.2,00a6c3a6feda6e022c4ff0a590f94d01,13890478860494762594
/Users/khangtran/.cache/kagglehub/datasets/saurabhbagchi/deepfake-image-detection/versions/2/test-20250112T065939Z-001/test/fake/420.jpg,Fake,test,2940,1960,RGB,JPEG,321.7,43352150d061ac863eff3d302623c19d,17357124497584603843
/Users/khangtran/.cache/kagglehub/datasets/saurabhbagchi/deepfake-image-detection/versions/2/test-20250112T065939Z-001/test/fake/421.jpg,Fake,test,1000,667,RGB,JPEG,257.1,8d250b1c21b65dbfe2fdd5c289450de6,2105259529879584372
/Users/khangtran/.cache/kagglehub/datasets/saurabhbagchi/deepfake-image-detection/versions/2/test-20250112T065939Z-001/test/fake/422.jpg,Fake,test,260,280,RGB,JPEG,45.4,a20039216f45100923855d466219aafb,10143992684110310419
/Users/khangtran/.cache/kagglehub/datasets/saurabhbagchi/deepfake-image-detection/versions/2/test-20250112T065939Z-001/test/fake/423.jpg,Fake,test,1600,901,RGB,JPEG,1103.6,e4f04189ed4c6223c13b9c9a198a48df,8815165517408884053
/Users/khangtran/.cache/kagglehub/datasets/saurabhbagchi/deepfake-image-detection/versions/2/test-20250112T065939Z-001/test/fake/424.jpg,Fake,test,1024,1024,RGB,PNG,1212.0,c94d08aee182d2fc78ccd7cb2a159c70,1696576557780288
/Users/khangtran/.cache/kagglehub/datasets/saurabhbagchi/deepfake-image-detection/versions/2/test-20250112T065939Z-001/test/fake/425.jpg,Fake,test,626,626,RGB,JPEG,147.1,325c209ae5ec705b9aee5cabc6a01f7b,17359358774133666325
/Users/khangtran/.cache/kagglehub/datasets/saurabhbagchi/deepfake-image-detection/versions/2/test-20250112T065939Z-001/test/fake/426.jpg,Fake,test,1024,768,RGB,JPEG,366.6,97b145663c7344d19a3868be70969d20,14161162822281907404
/Users/khangtran/.cache/kagglehub/datasets/saurabhbagchi/deepfake-image-detection/versions/2/test-20250112T065939Z-001/test/fake/427.jpg,Fake,test,1015,571,RGB,JPEG,82.2,ebeb6d816a1685872ce82eff39528c99,14755907354495504182
/Users/khangtran/.cache/kagglehub/datasets/saurabhbagchi/deepfake-image-detection/versions/2/test-20250112T065939Z-001/test/fake/428.jpg,Fake,test,1600,880,RGB,JPEG,149.7,346a2a3a7bd43d3d9b21c3f3191d9bf9,5062169608382199928
/Users/khangtran/.cache/kagglehub/datasets/saurabhbagchi/deepfake-image-detection/versions/2/test-20250112T065939Z-001/test/fake/429.jpg,Fake,test,1280,720,RGB,JPEG,232.2,c87d42cbe914f5859040316348092f8e,15336048325349790932
/Users/khangtran/.cache/kagglehub/datasets/saurabhbagchi/deepfake-image-detection/versions/2/test-20250112T065939Z-001/test/fake/43.jpg,Fake,test,512,512,RGB,PNG,460.2,48b298af473265f6e8706a7dfd35f987,8140529909202204912
/Users/khangtran/.cache/kagglehub/datasets/saurabhbagchi/deepfake-image-detection/versions/2/test-20250112T065939Z-001/test/fake/430.jpg,Fake,test,260,194,RGB,JPEG,12.6,02445e765829ae8cf627b1544e6c96c4,12837605580736979684
/Users/khangtran/.cache/kagglehub/datasets/saurabhbagchi/deepfake-image-detection/versions/2/test-20250112T065939Z-001/test/fake/431.jpg,Fake,test,720,1280,RGB,JPEG,81.9,2c6adaed41bfb04b0fc07a7319a0a94e,14990024135151894660
/Users/khangtran/.cache/kagglehub/datasets/saurabhbagchi/deepfake-image-detection/versions/2/test-20250112T065939Z-001/test/fake/432.jpg,Fake,test,700,350,RGB,JPEG,40.2,32e861e2fabd7a14f9418d14382996da,8310641417713514451
/Users/khangtran/.cache/kagglehub/datasets/saurabhbagchi/deepfake-image-detection/versions/2/test-20250112T065939Z-001/test/fake/433.jpg,Fake,test,2000,1125,RGB,JPEG,340.7,3f8e8de4dfc5b9cec4ee79582165f630,14913787568905370805
/Users/khangtran/.cache/kagglehub/datasets/saurabhbagchi/deepfake-image-detection/versions/2/test-20250112T065939Z-001/test/fake/434.jpg,Fake,test,1352,958,RGB,JPEG,252.6,2ca694d4098d06d98a0d289f9b204fd1,3546964421816430875
/Users/khangtran/.cache/kagglehub/datasets/saurabhbagchi/deepfake-image-detection/versions/2/test-20250112T065939Z-001/test/fake/435.jpg,Fake,test,1200,800,RGB,JPEG,201.7,a0fa489e0488b6e92b614e424c0699ad,8265940013081093349
/Users/khangtran/.cache/kagglehub/datasets/saurabhbagchi/deepfake-image-detection/versions/2/test-20250112T065939Z-001/test/fake/436.jpg,Fake,test,2190,1454,RGBA,PNG,4341.9,72a53f50f1df2165f1ee8482d4be5649,6167025940785868077
/Users/khangtran/.cache/kagglehub/datasets/saurabhbagchi/deepfake-image-detection/versions/2/test-20250112T065939Z-001/test/fake/437.jpg,Fake,test,1200,800,RGB,JPEG,228.9,36809f956efebb1d56dd12c8ff107d03,17309858638981003608
/Users/khangtran/.cache/kagglehub/datasets/saurabhbagchi/deepfake-image-detection/versions/2/test-20250112T065939Z-001/test/fake/438.jpg,Fake,test,2560,1417,RGB,JPEG,689.8,8773127dee055abd014dc558bc84bbeb,13735660893208116312
/Users/khangtran/.cache/kagglehub/datasets/saurabhbagchi/deepfake-image-detection/versions/2/test-20250112T065939Z-001/test/fake/439.jpg,Fake,test,1181,851,RGBA,PNG,1705.5,35307cd0a34b716b0e8e37c34f75b8e3,14757960364824117954
/Users/khangtran/.cache/kagglehub/datasets/saurabhbagchi/deepfake-image-detection/versions/2/test-20250112T065939Z-001/test/fake/44.jpg,Fake,test,1440,811,RGB,JPEG,939.1,8bb50744c4c65e5778eb309b2bafde5c,11221098049683881084
/Users/khangtran/.cache/kagglehub/datasets/saurabhbagchi/deepfake-image-detection/versions/2/test-20250112T065939Z-001/test/fake/440.jpg,Fake,test,600,975,RGB,JPEG,218.4,6bcc0ca1bb23529d6c2a591aeccfe0f0,17361632716185357851
/Users/khangtran/.cache/kagglehub/datasets/saurabhbagchi/deepfake-image-detection/versions/2/test-20250112T065939Z-001/test/fake/441.jpg,Fake,test,1400,1400,RGB,JPEG,344.8,fc0d71156a3de66454e076c4b5e09611,5367082756944948
/Users/khangtran/.cache/kagglehub/datasets/saurabhbagchi/deepfake-image-detection/versions/2/test-20250112T065939Z-001/test/fake/442.jpg,Fake,test,1920,1280,RGB,JPEG,384.7,33fb87901ea341bf78bb286e7861e3b8,4554111174033274870
/Users/khangtran/.cache/kagglehub/datasets/saurabhbagchi/deepfake-image-detection/versions/2/test-20250112T065939Z-001/test/fake/443.jpg,Fake,test,800,533,RGB,JPEG,71.2,4fa256c2211845ff6f8e66629bd181ac,229698886967335
/Users/khangtran/.cache/kagglehub/datasets/saurabhbagchi/deepfake-image-detection/versions/2/test-20250112T065939Z-001/test/fake/444.jpg,Fake,test,800,574,RGBA,PNG,721.3,a13721a0b27345c747844206e4ba42c5,12013056137933252208
/Users/khangtran/.cache/kagglehub/datasets/saurabhbagchi/deepfake-image-detection/versions/2/test-20250112T065939Z-001/test/fake/445.jpg,Fake,test,400,239,RGB,JPEG,24.8,894afdde84b07a135fbac4250540307a,13743525490857975368
/Users/khangtran/.cache/kagglehub/datasets/saurabhbagchi/deepfake-image-detection/versions/2/test-20250112T065939Z-001/test/fake/446.jpg,Fake,test,3840,1919,RGB,JPEG,1233.4,7610dc4224e3729f3db9fa862ca7cef7,705619667700872
/Users/khangtran/.cache/kagglehub/datasets/saurabhbagchi/deepfake-image-detection/versions/2/test-20250112T065939Z-001/test/fake/447.jpg,Fake,test,1024,512,RGB,PNG,571.2,4518434bc2e00f15afd61ebebfaddea1,17275298761424717406
/Users/khangtran/.cache/kagglehub/datasets/saurabhbagchi/deepfake-image-detection/versions/2/test-20250112T065939Z-001/test/fake/448.jpg,Fake,test,594,404,RGB,JPEG,199.1,595e37e13dc0c40753cf394d640899d6,16927604736519272796
/Users/khangtran/.cache/kagglehub/datasets/saurabhbagchi/deepfake-image-detection/versions/2/test-20250112T065939Z-001/test/fake/449.jpg,Fake,test,2560,3840,RGB,JPEG,2942.7,3b69f4e89d59fac92c95339664190520,15584971159713657494
/Users/khangtran/.cache/kagglehub/datasets/saurabhbagchi/deepfake-image-detection/versions/2/test-20250112T065939Z-001/test/fake/45.jpg,Fake,test,750,1000,RGB,JPEG,109.4,0d0917a5b6c678c33c3144fb68a5f30a,434323753739694883
/Users/khangtran/.cache/kagglehub/datasets/saurabhbagchi/deepfake-image-detection/versions/2/test-20250112T065939Z-001/test/fake/450.jpg,Fake,test,384,736,RGB,JPEG,49.6,253e9c886056730cc898200e90502f53,1664413441771642780
/Users/khangtran/.cache/kagglehub/datasets/saurabhbagchi/deepfake-image-detection/versions/2/test-20250112T065939Z-001/test/fake/451.jpg,Fake,test,780,439,RGB,JPEG,57.8,dbb3b6a48f9c3add564b4ab142c14aba,3129561177492507919
/Users/khangtran/.cache/kagglehub/datasets/saurabhbagchi/deepfake-image-detection/versions/2/test-20250112T065939Z-001/test/fake/452.jpg,Fake,test,1908,1146,RGB,JPEG,137.0,e7e6cafc4e307fa2efcbc75a0340a576,13172688932439772105
/Users/khangtran/.cache/kagglehub/datasets/saurabhbagchi/deepfake-image-detection/versions/2/test-20250112T065939Z-001/test/fake/453.jpg,Fake,test,2000,1333,RGB,JPEG,958.4,0f53144640af9b2a6b8cc421e3c9da4a,14315871687028652851
/Users/khangtran/.cache/kagglehub/datasets/saurabhbagchi/deepfake-image-detection/versions/2/test-20250112T065939Z-001/test/fake/454.jpg,Fake,test,1024,704,RGB,JPEG,121.8,ea216ff256724de4ffb253541fa9259a,3906351742422273228
/Users/khangtran/.cache/kagglehub/datasets/saurabhbagchi/deepfake-image-detection/versions/2/test-20250112T065939Z-001/test/fake/455.jpg,Fake,test,1200,600,RGB,JPEG,131.3,f8987b1b742977ad09b3fdfc0b911bea,13168175969972526109
/Users/khangtran/.cache/kagglehub/datasets/saurabhbagchi/deepfake-image-detection/versions/2/test-20250112T065939Z-001/test/fake/456.jpg,Fake,test,1024,510,RGB,JPEG,199.4,853b6aab3a430b3378eaf57f5154a590,14721366461948677350
/Users/khangtran/.cache/kagglehub/datasets/saurabhbagchi/deepfake-image-detection/versions/2/test-20250112T065939Z-001/test/fake/457.jpg,Fake,test,1200,686,RGB,JPEG,103.6,7776e2dfe11317bb18cb1b4556061f43,16204693508895073508
/Users/khangtran/.cache/kagglehub/datasets/saurabhbagchi/deepfake-image-detection/versions/2/test-20250112T065939Z-001/test/fake/458.jpg,Fake,test,1330,892,RGBA,PNG,2284.8,c893aa8d6b35745a0a5a84e37ae61c6f,16048210800605832942
/Users/khangtran/.cache/kagglehub/datasets/saurabhbagchi/deepfake-image-detection/versions/2/test-20250112T065939Z-001/test/fake/459.jpg,Fake,test,1280,905,RGB,JPEG,414.4,247096f6a5f69b0a0d651a1f73fb5e9b,8392232713791395986
/Users/khangtran/.cache/kagglehub/datasets/saurabhbagchi/deepfake-image-detection/versions/2/test-20250112T065939Z-001/test/fake/46.jpg,Fake,test,1024,1024,RGB,JPEG,112.1,c60b4167cb3df926c9d02ac98078d4a2,8789326596928977980
/Users/khangtran/.cache/kagglehub/datasets/saurabhbagchi/deepfake-image-detection/versions/2/test-20250112T065939Z-001/test/fake/460.jpg,Fake,test,1400,1400,RGB,PNG,2006.5,746f192985243be946b47f02e82ec1a8,15697798870235013839
/Users/khangtran/.cache/kagglehub/datasets/saurabhbagchi/deepfake-image-detection/versions/2/test-20250112T065939Z-001/test/fake/461.jpg,Fake,test,1200,800,RGB,JPEG,63.7,8fa55aaf0e4e86421bf40ba556772ca2,957381080220512561
/Users/khangtran/.cache/kagglehub/datasets/saurabhbagchi/deepfake-image-detection/versions/2/test-20250112T065939Z-001/test/fake/462.jpg,Fake,test,1024,1024,RGB,PNG,1459.2,8fd68bc43f9f26954bfb4a8817d6c644,15698594192252795132
/Users/khangtran/.cache/kagglehub/datasets/saurabhbagchi/deepfake-image-detection/versions/2/test-20250112T065939Z-001/test/fake/463.jpg,Fake,test,488,670,RGB,JPEG,35.8,8ce9d2e42dee179d9be8328d19f0be1f,4145338276476167011
/Users/khangtran/.cache/kagglehub/datasets/saurabhbagchi/deepfake-image-detection/versions/2/test-20250112T065939Z-001/test/fake/464.jpg,Fake,test,2560,2560,RGB,JPEG,1329.9,d9e7e980a520616c51c2a988d22015d4,147539254713682565
/Users/khangtran/.cache/kagglehub/datasets/saurabhbagchi/deepfake-image-detection/versions/2/test-20250112T065939Z-001/test/fake/465.jpg,Fake,test,736,1076,RGB,JPEG,135.0,29476df4f9b4291248f529cf4a75f555,13591545857256405774
/Users/khangtran/.cache/kagglehub/datasets/saurabhbagchi/deepfake-image-detection/versions/2/test-20250112T065939Z-001/test/fake/466.jpg,Fake,test,2560,2519,P,PNG,1518.2,2f5c103bad84794b7f1ed660843734f1,13846654823852880743
/Users/khangtran/.cache/kagglehub/datasets/saurabhbagchi/deepfake-image-detection/versions/2/test-20250112T065939Z-001/test/fake/467.jpg,Fake,test,225,225,RGB,JPEG,12.1,64d81bf67d4c0dba26178bd8e8dc11b2,12163741414028396891
/Users/khangtran/.cache/kagglehub/datasets/saurabhbagchi/deepfake-image-detection/versions/2/test-20250112T065939Z-001/test/fake/468.jpg,Fake,test,700,350,RGB,JPEG,36.4,722f28c58e8a8efb880f296c1c735d37,16484516963083015830
/Users/khangtran/.cache/kagglehub/datasets/saurabhbagchi/deepfake-image-detection/versions/2/test-20250112T065939Z-001/test/fake/469.jpg,Fake,test,626,417,RGB,JPEG,88.2,a7797e4f17bdb3f03fd35bca9db939c8,13898373367686293708
/Users/khangtran/.cache/kagglehub/datasets/saurabhbagchi/deepfake-image-detection/versions/2/test-20250112T065939Z-001/test/fake/47.jpg,Fake,test,720,1280,RGBA,PNG,692.2,3b8ad22af74f43119862c9211bd19e56,16774799265107457570
/Users/khangtran/.cache/kagglehub/datasets/saurabhbagchi/deepfake-image-detection/versions/2/test-20250112T065939Z-001/test/fake/470.jpg,Fake,test,1200,800,RGB,JPEG,259.8,91d906462b5876f9613e0f8408d72451,10561665238838844748
/Users/khangtran/.cache/kagglehub/datasets/saurabhbagchi/deepfake-image-detection/versions/2/test-20250112T065939Z-001/test/fake/471.jpg,Fake,test,1248,754,RGB,PNG,1194.2,a701a9e80efbf16a64ec637d226ac944,4996134476560036723
/Users/khangtran/.cache/kagglehub/datasets/saurabhbagchi/deepfake-image-detection/versions/2/test-20250112T065939Z-001/test/fake/472.jpg,Fake,test,1200,960,RGBA,PNG,1612.1,a2031a9795e78cc5b63070e83384f000,8134894657129014510
/Users/khangtran/.cache/kagglehub/datasets/saurabhbagchi/deepfake-image-detection/versions/2/test-20250112T065939Z-001/test/fake/473.jpg,Fake,test,1024,1792,RGB,PNG,1939.8,2e61dd1bef6a91927c6be7c0e03653e7,17361572922734982356
/Users/khangtran/.cache/kagglehub/datasets/saurabhbagchi/deepfake-image-detection/versions/2/test-20250112T065939Z-001/test/fake/474.jpg,Fake,test,663,624,RGB,JPEG,30.3,c9bb68cb1860d805fd2df14382a5a881,17904193327777768163
/Users/khangtran/.cache/kagglehub/datasets/saurabhbagchi/deepfake-image-detection/versions/2/test-20250112T065939Z-001/test/fake/475.jpg,Fake,test,800,800,RGB,JPEG,187.6,d0a3b4a96b30a59ad9753f4a9c29bd1c,5899097363603347292
/Users/khangtran/.cache/kagglehub/datasets/saurabhbagchi/deepfake-image-detection/versions/2/test-20250112T065939Z-001/test/fake/476.jpg,Fake,test,240,135,RGB,JPEG,13.3,3e99b6f67331ebeb74b133de6127ca8a,14757889289483983950
/Users/khangtran/.cache/kagglehub/datasets/saurabhbagchi/deepfake-image-detection/versions/2/test-20250112T065939Z-001/test/fake/477.jpg,Fake,test,596,380,RGB,JPEG,70.6,3bb072343c0a50f096bbaaa8c111ecec,16283109120607568096
/Users/khangtran/.cache/kagglehub/datasets/saurabhbagchi/deepfake-image-detection/versions/2/test-20250112T065939Z-001/test/fake/478.jpg,Fake,test,1200,800,RGB,JPEG,60.0,4ae838646a554ee15938f61727733e91,6591998111824443239
/Users/khangtran/.cache/kagglehub/datasets/saurabhbagchi/deepfake-image-detection/versions/2/test-20250112T065939Z-001/test/fake/479.jpg,Fake,test,1200,738,RGB,JPEG,100.1,3c52892a901b94009d7c8c3191f27565,8120731578172985099
/Users/khangtran/.cache/kagglehub/datasets/saurabhbagchi/deepfake-image-detection/versions/2/test-20250112T065939Z-001/test/fake/48.jpg,Fake,test,1024,1024,RGBA,PNG,610.3,b458f4b7121a69715f0e1e6551d1187d,14973568038695925952
/Users/khangtran/.cache/kagglehub/datasets/saurabhbagchi/deepfake-image-detection/versions/2/test-20250112T065939Z-001/test/fake/480.jpg,Fake,test,1180,560,RGB,JPEG,94.4,d7d5343edd00315c950d152d2569b75e,13377243972833908764
/Users/khangtran/.cache/kagglehub/datasets/saurabhbagchi/deepfake-image-detection/versions/2/test-20250112T065939Z-001/test/fake/481.jpg,Fake,test,2560,1950,RGB,JPEG,2877.2,23abc793cf2758fa3dea1be8def191b7,17336191727951058672
/Users/khangtran/.cache/kagglehub/datasets/saurabhbagchi/deepfake-image-detection/versions/2/test-20250112T065939Z-001/test/fake/482.jpg,Fake,test,1664,1664,RGB,PNG,3406.1,09581b2eab503dd6bb1329d27f15b9d2,8138269408239743216
/Users/khangtran/.cache/kagglehub/datasets/saurabhbagchi/deepfake-image-detection/versions/2/test-20250112T065939Z-001/test/fake/483.jpg,Fake,test,1500,750,RGB,JPEG,421.2,5aee8b2e45f2756dc145f07c126c7891,10075479595832399948
/Users/khangtran/.cache/kagglehub/datasets/saurabhbagchi/deepfake-image-detection/versions/2/test-20250112T065939Z-001/test/fake/484.jpg,Fake,test,1920,1920,RGB,JPEG,786.0,b4a17f6b13dc3d8ed4c630eff6d60d68,11285096698036513944
/Users/khangtran/.cache/kagglehub/datasets/saurabhbagchi/deepfake-image-detection/versions/2/test-20250112T065939Z-001/test/fake/485.jpg,Fake,test,1920,1080,RGB,JPEG,173.5,a7faa4dd37436dcc2513a7180245b343,2061694925619517142
/Users/khangtran/.cache/kagglehub/datasets/saurabhbagchi/deepfake-image-detection/versions/2/test-20250112T065939Z-001/test/fake/486.jpg,Fake,test,1000,1000,RGB,JPEG,515.6,dbef77d76a3bf4d09231450b71a30a84,17357092743319984912
/Users/khangtran/.cache/kagglehub/datasets/saurabhbagchi/deepfake-image-detection/versions/2/test-20250112T065939Z-001/test/fake/487.jpg,Fake,test,800,459,RGB,JPEG,48.9,f78acb1285ee995babd73235317f608c,6974039316556216444
/Users/khangtran/.cache/kagglehub/datasets/saurabhbagchi/deepfake-image-detection/versions/2/test-20250112T065939Z-001/test/fake/488.jpg,Fake,test,300,168,RGB,JPEG,13.3,18f7dac2d9fc2cbc03daacc78ab3f56c,15338371751103638807
/Users/khangtran/.cache/kagglehub/datasets/saurabhbagchi/deepfake-image-detection/versions/2/test-20250112T065939Z-001/test/fake/489.jpg,Fake,test,718,523,RGB,JPEG,50.1,28e47be55acb273508c20946882e9d24,17429989946068573324
/Users/khangtran/.cache/kagglehub/datasets/saurabhbagchi/deepfake-image-detection/versions/2/test-20250112T065939Z-001/test/fake/49.jpg,Fake,test,1400,1747,RGB,PNG,4396.5,ab13b5bac70264a2dd0cc98933fc5b6d,14318811988223911116
/Users/khangtran/.cache/kagglehub/datasets/saurabhbagchi/deepfake-image-detection/versions/2/test-20250112T065939Z-001/test/fake/490.jpg,Fake,test,1024,1024,RGB,PNG,1136.9,c78fe5afc8e96c6c0094f270fd0489a1,8085438229307669311
/Users/khangtran/.cache/kagglehub/datasets/saurabhbagchi/deepfake-image-detection/versions/2/test-20250112T065939Z-001/test/fake/491.jpg,Fake,test,880,500,RGB,JPEG,76.2,ab32808a8d18ade3925ccd21b53e252e,18446726103160839143
/Users/khangtran/.cache/kagglehub/datasets/saurabhbagchi/deepfake-image-detection/versions/2/test-20250112T065939Z-001/test/fake/492.jpg,Fake,test,1456,816,RGB,JPEG,305.8,103e173f4c23baa3048a4423713cf6e8,11282841651993422886
/Users/khangtran/.cache/kagglehub/datasets/saurabhbagchi/deepfake-image-detection/versions/2/test-20250112T065939Z-001/test/fake/493.jpg,Fake,test,1024,512,RGB,JPEG,67.1,2979c428624fb4a8b4f2133b87f38e42,11303690671787793118
/Users/khangtran/.cache/kagglehub/datasets/saurabhbagchi/deepfake-image-detection/versions/2/test-20250112T065939Z-001/test/fake/494.jpg,Fake,test,1400,788,RGB,JPEG,112.5,21041f19101a3bab1cd723b4ce7552d8,12841510985066219014
/Users/khangtran/.cache/kagglehub/datasets/saurabhbagchi/deepfake-image-detection/versions/2/test-20250112T065939Z-001/test/fake/495.jpg,Fake,test,1200,720,RGB,JPEG,75.5,721c4ce41058acd5160aa52ba124b84b,4114974326721877043
/Users/khangtran/.cache/kagglehub/datasets/saurabhbagchi/deepfake-image-detection/versions/2/test-20250112T065939Z-001/test/fake/496.jpg,Fake,test,900,600,RGB,JPEG,239.4,068e9d84aecc6854d740175dc3e2a1ce,14184621207756325092
/Users/khangtran/.cache/kagglehub/datasets/saurabhbagchi/deepfake-image-detection/versions/2/test-20250112T065939Z-001/test/fake/497.jpg,Fake,test,1024,576,RGB,JPEG,375.7,e010d8380105f6d87cbaf82c39137b6d,17506322861097423751
/Users/khangtran/.cache/kagglehub/datasets/saurabhbagchi/deepfake-image-detection/versions/2/test-20250112T065939Z-001/test/fake/498.jpg,Fake,test,1200,627,RGB,JPEG,163.2,0ef948f0558a44b9e7c2d38f804d7899,10127624197330750678
/Users/khangtran/.cache/kagglehub/datasets/saurabhbagchi/deepfake-image-detection/versions/2/test-20250112T065939Z-001/test/fake/499.jpg,Fake,test,1400,749,RGBA,PNG,642.1,4fab0720a27028ac397c259d702294e4,11569918535314026722
/Users/khangtran/.cache/kagglehub/datasets/saurabhbagchi/deepfake-image-detection/versions/2/test-20250112T065939Z-001/test/fake/5.jpg,Fake,test,2000,1333,RGB,JPEG,1221.7,329669b11b8559ff448758bde351f0c2,17795682104367812300
/Users/khangtran/.cache/kagglehub/datasets/saurabhbagchi/deepfake-image-detection/versions/2/test-20250112T065939Z-001/test/fake/50.jpg,Fake,test,1024,1024,RGB,JPEG,153.3,706190839190ca55df70dfbff4571c27,9004638099717275720
/Users/khangtran/.cache/kagglehub/datasets/saurabhbagchi/deepfake-image-detection/versions/2/test-20250112T065939Z-001/test/fake/500.jpg,Fake,test,1400,1400,RGB,PNG,3139.0,167279d4c2ebfa3f06bcd305fe42d526,16195720385340632172
/Users/khangtran/.cache/kagglehub/datasets/saurabhbagchi/deepfake-image-detection/versions/2/test-20250112T065939Z-001/test/fake/501.jpg,Fake,test,645,363,RGB,JPEG,27.0,7b0b61db40ee0eb20407e26c61389415,12799849385664086546
/Users/khangtran/.cache/kagglehub/datasets/saurabhbagchi/deepfake-image-detection/versions/2/test-20250112T065939Z-001/test/fake/502.jpg,Fake,test,810,540,RGB,JPEG,61.5,6389f6fe4dcb3519cdb8d41b2787cd44,16277527943472506484
/Users/khangtran/.cache/kagglehub/datasets/saurabhbagchi/deepfake-image-detection/versions/2/test-20250112T065939Z-001/test/fake/503.jpg,Fake,test,1664,1120,RGB,JPEG,571.6,7fd13fb18174477f2ba11c2625177d42,7382409788474879076
/Users/khangtran/.cache/kagglehub/datasets/saurabhbagchi/deepfake-image-detection/versions/2/test-20250112T065939Z-001/test/fake/504.jpg,Fake,test,1200,802,RGBA,PNG,1426.7,a13c875e4ca13f7d6372cfb8d16ced63,17409156834365232074
/Users/khangtran/.cache/kagglehub/datasets/saurabhbagchi/deepfake-image-detection/versions/2/test-20250112T065939Z-001/test/fake/505.jpg,Fake,test,800,533,RGB,JPEG,41.7,92f24bf217ecb9dbdf84f4e38b5865ad,16420299063637170643
/Users/khangtran/.cache/kagglehub/datasets/saurabhbagchi/deepfake-image-detection/versions/2/test-20250112T065939Z-001/test/fake/506.jpg,Fake,test,512,768,RGB,JPEG,89.4,444ba8e2d22eb8d0b9c065c86d918022,17935841637266675952
/Users/khangtran/.cache/kagglehub/datasets/saurabhbagchi/deepfake-image-detection/versions/2/test-20250112T065939Z-001/test/fake/507.jpg,Fake,test,2048,819,RGB,JPEG,404.7,7a235abb5801f7389ed8bc28f579f72f,6510678450594539980
/Users/khangtran/.cache/kagglehub/datasets/saurabhbagchi/deepfake-image-detection/versions/2/test-20250112T065939Z-001/test/fake/508.jpg,Fake,test,1024,1024,RGB,PNG,1292.2,ac77b1b0f58eb303d4faa43a4242c313,13744127218378751610
/Users/khangtran/.cache/kagglehub/datasets/saurabhbagchi/deepfake-image-detection/versions/2/test-20250112T065939Z-001/test/fake/509.jpg,Fake,test,1960,1960,RGB,JPEG,541.0,f87cf2dd177ecf3d89a82e32067b283c,14760814893199323376
/Users/khangtran/.cache/kagglehub/datasets/saurabhbagchi/deepfake-image-detection/versions/2/test-20250112T065939Z-001/test/fake/51.jpg,Fake,test,1000,667,RGB,JPEG,166.3,87b379838316f18a78dbf63869fe757f,15042834954545564732
/Users/khangtran/.cache/kagglehub/datasets/saurabhbagchi/deepfake-image-detection/versions/2/test-20250112T065939Z-001/test/fake/510.jpg,Fake,test,1280,853,RGB,JPEG,225.1,ca3cb1c1001fe5b84a243226e6d5296b,14758172380852674568
/Users/khangtran/.cache/kagglehub/datasets/saurabhbagchi/deepfake-image-detection/versions/2/test-20250112T065939Z-001/test/fake/52.jpg,Fake,test,1000,667,RGB,JPEG,534.8,85439ddd97c1467942553c3c8dea3205,8698906577282411195
/Users/khangtran/.cache/kagglehub/datasets/saurabhbagchi/deepfake-image-detection/versions/2/test-20250112T065939Z-001/test/fake/53.jpg,Fake,test,853,1280,RGB,JPEG,349.5,43bdd3a87a9541f0240243b10c55da7f,84881773422543253
/Users/khangtran/.cache/kagglehub/datasets/saurabhbagchi/deepfake-image-detection/versions/2/test-20250112T065939Z-001/test/fake/54.jpg,Fake,test,1000,600,RGB,JPEG,95.2,466b042b9ca0b7c4a1220f2407ece217,8461365187533788822
/Users/khangtran/.cache/kagglehub/datasets/saurabhbagchi/deepfake-image-detection/versions/2/test-20250112T065939Z-001/test/fake/55.jpg,Fake,test,512,512,RGB,JPEG,52.2,0c5bde8740a8ec1f70ce41c936ab5a86,1120974597202047281
/Users/khangtran/.cache/kagglehub/datasets/saurabhbagchi/deepfake-image-detection/versions/2/test-20250112T065939Z-001/test/fake/56.jpg,Fake,test,1033,578,RGB,JPEG,66.3,610a87a23fb517f896cdb07d5c2fad74,15055798471924178140
/Users/khangtran/.cache/kagglehub/datasets/saurabhbagchi/deepfake-image-detection/versions/2/test-20250112T065939Z-001/test/fake/57.jpg,Fake,test,275,183,RGB,JPEG,11.5,58f4f09af59f19400dbb6632da2e6d4a,15082934730432418713
/Users/khangtran/.cache/kagglehub/datasets/saurabhbagchi/deepfake-image-detection/versions/2/test-20250112T065939Z-001/test/fake/58.jpg,Fake,test,853,1280,RGB,JPEG,242.8,cd113ec5186d5702b3802d7a50250998,17938102233576043224
/Users/khangtran/.cache/kagglehub/datasets/saurabhbagchi/deepfake-image-detection/versions/2/test-20250112T065939Z-001/test/fake/59.jpg,Fake,test,1185,670,RGB,PNG,860.8,14a0205fe421b744a64a5a0321b64d80,13873488928338641030
/Users/khangtran/.cache/kagglehub/datasets/saurabhbagchi/deepfake-image-detection/versions/2/test-20250112T065939Z-001/test/fake/6.jpg,Fake,test,1480,987,RGB,JPEG,197.4,1b24ff35d5a7156460609622b3f7c998,17363796557884415517
/Users/khangtran/.cache/kagglehub/datasets/saurabhbagchi/deepfake-image-detection/versions/2/test-20250112T065939Z-001/test/fake/60.jpg,Fake,test,1456,816,RGB,PNG,1732.4,bbece96d1ea64d099cd7d02bc9485be8,17650988925569002604
/Users/khangtran/.cache/kagglehub/datasets/saurabhbagchi/deepfake-image-detection/versions/2/test-20250112T065939Z-001/test/fake/61.jpg,Fake,test,2000,1115,RGB,JPEG,590.2,a02b3d6abb1217fab44671ed8bae3c19,17781570347429783276
/Users/khangtran/.cache/kagglehub/datasets/saurabhbagchi/deepfake-image-detection/versions/2/test-20250112T065939Z-001/test/fake/62.jpg,Fake,test,2042,1118,P,PNG,1426.0,9f36e1fbfd6233bf055687c2a99a0509,17940186665491953900
/Users/khangtran/.cache/kagglehub/datasets/saurabhbagchi/deepfake-image-detection/versions/2/test-20250112T065939Z-001/test/fake/63.jpg,Fake,test,1200,630,RGB,PNG,391.0,82b4b8317f5884aed091e637890bca2c,12012292507978981604
/Users/khangtran/.cache/kagglehub/datasets/saurabhbagchi/deepfake-image-detection/versions/2/test-20250112T065939Z-001/test/fake/64.jpg,Fake,test,900,500,RGB,JPEG,494.0,5d5f76398fd0cc961d2970cbd5731bc0,10258756184010475861
/Users/khangtran/.cache/kagglehub/datasets/saurabhbagchi/deepfake-image-detection/versions/2/test-20250112T065939Z-001/test/fake/65.jpg,Fake,test,636,382,RGB,JPEG,47.8,f3c4f571e022614b6506d8a3c544790d,5528427938460879209
/Users/khangtran/.cache/kagglehub/datasets/saurabhbagchi/deepfake-image-detection/versions/2/test-20250112T065939Z-001/test/fake/66.jpg,Fake,test,1021,574,RGB,PNG,675.3,2a2ce5ee83d4610a07b02fd329cf1a10,14739328152350006460
/Users/khangtran/.cache/kagglehub/datasets/saurabhbagchi/deepfake-image-detection/versions/2/test-20250112T065939Z-001/test/fake/67.jpg,Fake,test,1920,1080,RGB,JPEG,323.2,0b232c6c4e237ba6bebba3006da0036b,16475317861335601029
/Users/khangtran/.cache/kagglehub/datasets/saurabhbagchi/deepfake-image-detection/versions/2/test-20250112T065939Z-001/test/fake/68.jpg,Fake,test,640,427,RGB,JPEG,91.3,67970383341ad0d464811ba55160222d,17436224138186641648
/Users/khangtran/.cache/kagglehub/datasets/saurabhbagchi/deepfake-image-detection/versions/2/test-20250112T065939Z-001/test/fake/69.jpg,Fake,test,1024,1024,RGB,PNG,1153.3,7f9e6aff03978f7d5f28b82c124e99bd,16209214786089620114
/Users/khangtran/.cache/kagglehub/datasets/saurabhbagchi/deepfake-image-detection/versions/2/test-20250112T065939Z-001/test/fake/7.jpg,Fake,test,1600,900,RGB,JPEG,91.5,f5d157f63bf6fb60b824900f1817c4d1,17569485908610956476
/Users/khangtran/.cache/kagglehub/datasets/saurabhbagchi/deepfake-image-detection/versions/2/test-20250112T065939Z-001/test/fake/70.jpg,Fake,test,1200,800,RGB,PNG,1404.9,8fab0669ee73c1cef345154521078ecc,17931511993843622968
/Users/khangtran/.cache/kagglehub/datasets/saurabhbagchi/deepfake-image-detection/versions/2/test-20250112T065939Z-001/test/fake/71.jpg,Fake,test,1400,788,RGB,JPEG,247.2,5738bdc4c8b97ea4ec03138150f3f0bb,14322226114385461440
/Users/khangtran/.cache/kagglehub/datasets/saurabhbagchi/deepfake-image-detection/versions/2/test-20250112T065939Z-001/test/fake/72.jpg,Fake,test,1200,900,RGBA,PNG,2710.3,734ae0fce1aa4133612b730d74c331ab,81105514511852936
/Users/khangtran/.cache/kagglehub/datasets/saurabhbagchi/deepfake-image-detection/versions/2/test-20250112T065939Z-001/test/fake/73.jpg,Fake,test,1024,1024,RGB,JPEG,286.5,b652437fe5fe75a983436d4df51830ec,9839459808992936642
/Users/khangtran/.cache/kagglehub/datasets/saurabhbagchi/deepfake-image-detection/versions/2/test-20250112T065939Z-001/test/fake/74.jpg,Fake,test,1024,683,RGB,JPEG,75.8,77f24f121655cf6a3252bf8e172cc290,15625398254286704585
/Users/khangtran/.cache/kagglehub/datasets/saurabhbagchi/deepfake-image-detection/versions/2/test-20250112T065939Z-001/test/fake/75.jpg,Fake,test,468,468,RGB,JPEG,37.4,cd43d7edaa4738785e4f2e2eb2dfe3a4,18436856006674594815
/Users/khangtran/.cache/kagglehub/datasets/saurabhbagchi/deepfake-image-detection/versions/2/test-20250112T065939Z-001/test/fake/76.jpg,Fake,test,1500,1000,RGB,JPEG,270.7,95c1133ced2ef77dbbc0a36ce3613b15,5230533588803429524
/Users/khangtran/.cache/kagglehub/datasets/saurabhbagchi/deepfake-image-detection/versions/2/test-20250112T065939Z-001/test/fake/77.jpg,Fake,test,652,815,RGB,PNG,436.1,036f7f19af3fc9da1c2661114dd123b0,16204167791429318768
/Users/khangtran/.cache/kagglehub/datasets/saurabhbagchi/deepfake-image-detection/versions/2/test-20250112T065939Z-001/test/fake/78.jpg,Fake,test,700,696,RGB,JPEG,97.5,64b9ef246eadca46a6ece9cd93fb9c19,15190907948840372705
/Users/khangtran/.cache/kagglehub/datasets/saurabhbagchi/deepfake-image-detection/versions/2/test-20250112T065939Z-001/test/fake/79.jpg,Fake,test,1000,1000,RGB,JPEG,145.0,119a0cd6283df8728fb97d4c1b2eab03,17339105821827854588
/Users/khangtran/.cache/kagglehub/datasets/saurabhbagchi/deepfake-image-detection/versions/2/test-20250112T065939Z-001/test/fake/8.jpg,Fake,test,800,450,L,JPEG,56.2,5ddb5a875f10511bb613b6b489ef7a1e,8769267771852820889
/Users/khangtran/.cache/kagglehub/datasets/saurabhbagchi/deepfake-image-detection/versions/2/test-20250112T065939Z-001/test/fake/80.jpg,Fake,test,1920,1080,RGB,JPEG,168.4,057f482fe322b2b51ad04c06c25edac4,16352764639734589046
/Users/khangtran/.cache/kagglehub/datasets/saurabhbagchi/deepfake-image-detection/versions/2/test-20250112T065939Z-001/test/fake/81.jpg,Fake,test,900,500,RGB,JPEG,40.1,aa54f032070fc9ef951021b18994330a,10706345581112773832
/Users/khangtran/.cache/kagglehub/datasets/saurabhbagchi/deepfake-image-detection/versions/2/test-20250112T065939Z-001/test/fake/82.jpg,Fake,test,500,500,RGB,JPEG,174.1,6b80b38194b3cd8bb201144ea9b20b2d,3706868698578734284
/Users/khangtran/.cache/kagglehub/datasets/saurabhbagchi/deepfake-image-detection/versions/2/test-20250112T065939Z-001/test/fake/83.jpg,Fake,test,512,512,RGB,PNG,195.2,d8b01ee573b863917ec3c5dea8e6b4ed,17291569116793920639
/Users/khangtran/.cache/kagglehub/datasets/saurabhbagchi/deepfake-image-detection/versions/2/test-20250112T065939Z-001/test/fake/84.jpg,Fake,test,1067,1690,RGB,JPEG,260.8,5756434a9052767c4d724939f183f094,7543785324907363374
/Users/khangtran/.cache/kagglehub/datasets/saurabhbagchi/deepfake-image-detection/versions/2/test-20250112T065939Z-001/test/fake/85.jpg,Fake,test,640,480,RGB,JPEG,36.1,fd25401e3c40d59feecbb45966f58827,38501396553724128
/Users/khangtran/.cache/kagglehub/datasets/saurabhbagchi/deepfake-image-detection/versions/2/test-20250112T065939Z-001/test/fake/86.jpg,Fake,test,600,600,RGB,JPEG,51.0,e197981cfc7e0af0d7e9ac939649caeb,1207176634774384740
/Users/khangtran/.cache/kagglehub/datasets/saurabhbagchi/deepfake-image-detection/versions/2/test-20250112T065939Z-001/test/fake/87.jpg,Fake,test,626,626,RGB,JPEG,94.1,8fca8462751921628ea5f9028cd714f3,18372677521014299678
/Users/khangtran/.cache/kagglehub/datasets/saurabhbagchi/deepfake-image-detection/versions/2/test-20250112T065939Z-001/test/fake/88.jpg,Fake,test,900,675,RGB,PNG,80.4,63334dd592f725857cccf1a603b2933b,7732414607751319049
/Users/khangtran/.cache/kagglehub/datasets/saurabhbagchi/deepfake-image-detection/versions/2/test-20250112T065939Z-001/test/fake/89.jpg,Fake,test,3240,2160,RGB,JPEG,1665.7,95b070eae49e2ebbc63821bdd6906d78,14666677579549536871
/Users/khangtran/.cache/kagglehub/datasets/saurabhbagchi/deepfake-image-detection/versions/2/test-20250112T065939Z-001/test/fake/9.jpg,Fake,test,626,626,RGB,JPEG,97.5,bbfff553093bb27860564a48019fa546,6221212038985462
/Users/khangtran/.cache/kagglehub/datasets/saurabhbagchi/deepfake-image-detection/versions/2/test-20250112T065939Z-001/test/fake/90.jpg,Fake,test,1024,576,RGB,JPEG,89.0,d2ecd7b5f5e1cd63ce16a8b63f172e43,9657432110256244301
/Users/khangtran/.cache/kagglehub/datasets/saurabhbagchi/deepfake-image-detection/versions/2/test-20250112T065939Z-001/test/fake/91.jpg,Fake,test,880,440,RGB,JPEG,94.9,df61ca02c1db704614751e707f8828d9,15910316729080009905
/Users/khangtran/.cache/kagglehub/datasets/saurabhbagchi/deepfake-image-detection/versions/2/test-20250112T065939Z-001/test/fake/92.jpg,Fake,test,2048,1536,RGB,JPEG,339.1,d375dd148871158ac72fc0f92339b9c7,13863898367887550636
/Users/khangtran/.cache/kagglehub/datasets/saurabhbagchi/deepfake-image-detection/versions/2/test-20250112T065939Z-001/test/fake/93.jpg,Fake,test,1500,1500,RGB,JPEG,588.4,9cb67de125a759cc61dc2a9ec9bf0f09,18226405463115632399
/Users/khangtran/.cache/kagglehub/datasets/saurabhbagchi/deepfake-image-detection/versions/2/test-20250112T065939Z-001/test/fake/94.jpg,Fake,test,2000,2000,RGB,JPEG,436.6,d3a78dc6ec693803fa26bdd019e9a2b6,14313481622959920047
/Users/khangtran/.cache/kagglehub/datasets/saurabhbagchi/deepfake-image-detection/versions/2/test-20250112T065939Z-001/test/fake/95.jpg,Fake,test,1000,667,RGB,JPEG,68.6,06fe297cfb06ad52636a325f0dbad01a,15888266773648634675
/Users/khangtran/.cache/kagglehub/datasets/saurabhbagchi/deepfake-image-detection/versions/2/test-20250112T065939Z-001/test/fake/96.jpg,Fake,test,768,512,P,PNG,188.1,f67b14bd94e4c629bcfcd7c594b57201,8319689448201330495
/Users/khangtran/.cache/kagglehub/datasets/saurabhbagchi/deepfake-image-detection/versions/2/test-20250112T065939Z-001/test/fake/97.jpg,Fake,test,1024,1024,RGB,JPEG,125.9,91b387db5c2f568e672cf6b6ab030723,18444123924093532368
/Users/khangtran/.cache/kagglehub/datasets/saurabhbagchi/deepfake-image-detection/versions/2/test-20250112T065939Z-001/test/fake/98.jpg,Fake,test,2048,1024,RGB,JPEG,206.4,edfa52faacd205d7f6a55d4b82423de1,17918109783360777131
/Users/khangtran/.cache/kagglehub/datasets/saurabhbagchi/deepfake-image-detection/versions/2/test-20250112T065939Z-001/test/fake/99.jpg,Fake,test,624,624,RGB,JPEG,107.8,bb29b53de1c88f02ae4e3dc71fd8b76d,16198469820181434139
/Users/khangtran/.cache/kagglehub/datasets/saurabhbagchi/deepfake-image-detection/versions/2/test-20250112T065939Z-001/test/real/5000.jpg,Real,test,3072,2048,RGB,JPEG,1194.2,cab1e10cab98d7eed8696cfbdb077965,14101384406240409909
/Users/khangtran/.cache/kagglehub/datasets/saurabhbagchi/deepfake-image-detection/versions/2/test-20250112T065939Z-001/test/real/5001.jpg,Real,test,300,168,RGB,JPEG,13.7,54cdf0b75c0416f2a51c2d60f7b4280b,17464390269203295882
/Users/khangtran/.cache/kagglehub/datasets/saurabhbagchi/deepfake-image-detection/versions/2/test-20250112T065939Z-001/test/real/5002.jpg,Real,test,558,720,RGB,JPEG,97.7,3ed4c68b094571989bf30f0d5c64686a,18365394493563527416
/Users/khangtran/.cache/kagglehub/datasets/saurabhbagchi/deepfake-image-detection/versions/2/test-20250112T065939Z-001/test/real/5003.jpg,Real,test,800,600,RGB,JPEG,362.0,ddaf6236ac614b7b4643d0f2c85e71d4,10075627568070056472
/Users/khangtran/.cache/kagglehub/datasets/saurabhbagchi/deepfake-image-detection/versions/2/test-20250112T065939Z-001/test/real/5004.jpg,Real,test,1800,1200,RGB,JPEG,286.4,0742874f05bdab11ad63ec4dc37ca480,1662482212200094748
/Users/khangtran/.cache/kagglehub/datasets/saurabhbagchi/deepfake-image-detection/versions/2/test-20250112T065939Z-001/test/real/5005.jpg,Real,test,1050,549,L,JPEG,68.9,005176d89e0a8997e4aa6b07bfd2f856,868682541206806299
/Users/khangtran/.cache/kagglehub/datasets/saurabhbagchi/deepfake-image-detection/versions/2/test-20250112T065939Z-001/test/real/5006.jpg,Real,test,1080,1349,RGB,JPEG,142.6,b38abc39a310aad4cf51830dd11e6a97,17938102199073796785
/Users/khangtran/.cache/kagglehub/datasets/saurabhbagchi/deepfake-image-detection/versions/2/test-20250112T065939Z-001/test/real/5007.jpg,Real,test,1500,1000,RGB,JPEG,266.0,fe21ed5e0c6f651c50d13800cce88049,3923306473390732145
/Users/khangtran/.cache/kagglehub/datasets/saurabhbagchi/deepfake-image-detection/versions/2/test-20250112T065939Z-001/test/real/5008.jpg,Real,test,800,450,RGBA,PNG,714.4,f81ab146fcdfc01150ddefe737510e55,17986143932567690270
/Users/khangtran/.cache/kagglehub/datasets/saurabhbagchi/deepfake-image-detection/versions/2/test-20250112T065939Z-001/test/real/5009.jpg,Real,test,750,521,RGB,JPEG,84.3,c6abff1953a73a8548e0bee28032e96a,8174156697539146033
/Users/khangtran/.cache/kagglehub/datasets/saurabhbagchi/deepfake-image-detection/versions/2/test-20250112T065939Z-001/test/real/5010.jpg,Real,test,1500,600,RGB,JPEG,382.3,d620412db43c07db253df831dec8d0be,17557199219600065291
/Users/khangtran/.cache/kagglehub/datasets/saurabhbagchi/deepfake-image-detection/versions/2/test-20250112T065939Z-001/test/real/5011.jpg,Real,test,750,1000,RGB,JPEG,126.5,b1df3c596723c2415638ba2e114611b4,17351468412369018502
/Users/khangtran/.cache/kagglehub/datasets/saurabhbagchi/deepfake-image-detection/versions/2/test-20250112T065939Z-001/test/real/5012.jpg,Real,test,417,626,RGB,JPEG,38.0,90908ea38c32c27152acaf1bc63388e7,17938102267936569584
/Users/khangtran/.cache/kagglehub/datasets/saurabhbagchi/deepfake-image-detection/versions/2/test-20250112T065939Z-001/test/real/5013.jpg,Real,test,850,675,RGB,JPEG,235.5,19a172d065759936593de72647534396,8426499820431143288
/Users/khangtran/.cache/kagglehub/datasets/saurabhbagchi/deepfake-image-detection/versions/2/test-20250112T065939Z-001/test/real/5014.jpg,Real,test,740,380,RGB,PNG,350.6,e58b89dbb083d2c2f7d5fc89ac96465b,3472328300661862512
/Users/khangtran/.cache/kagglehub/datasets/saurabhbagchi/deepfake-image-detection/versions/2/test-20250112T065939Z-001/test/real/5015.jpg,Real,test,1419,946,RGB,JPEG,126.9,cb2c3053cc553cd127e69cf96070fc12,8716990831299654097
/Users/khangtran/.cache/kagglehub/datasets/saurabhbagchi/deepfake-image-detection/versions/2/test-20250112T065939Z-001/test/real/5016.jpg,Real,test,3264,5824,RGB,JPEG,6123.8,819824fa71949e53f6989439166db428,12749823020716057584
/Users/khangtran/.cache/kagglehub/datasets/saurabhbagchi/deepfake-image-detection/versions/2/test-20250112T065939Z-001/test/real/5017.jpg,Real,test,2048,1365,RGB,JPEG,550.4,77e8feb5ad674bcd177f051669f0cc94,11441047562894091431
/Users/khangtran/.cache/kagglehub/datasets/saurabhbagchi/deepfake-image-detection/versions/2/test-20250112T065939Z-001/test/real/5018.jpg,Real,test,626,417,RGB,JPEG,67.0,b0bf563f0964cfd2e03389d72084b2b4,1085128947564219147
/Users/khangtran/.cache/kagglehub/datasets/saurabhbagchi/deepfake-image-detection/versions/2/test-20250112T065939Z-001/test/real/5019.jpg,Real,test,1025,1280,RGBA,PNG,933.1,4462e87be1b29013530a80be726bd6d7,8732219450795318622
/Users/khangtran/.cache/kagglehub/datasets/saurabhbagchi/deepfake-image-detection/versions/2/test-20250112T065939Z-001/test/real/5020.jpg,Real,test,360,360,RGB,JPEG,147.7,e5ba7bf771de4bbe7394388c47694487,6400378760447408667
/Users/khangtran/.cache/kagglehub/datasets/saurabhbagchi/deepfake-image-detection/versions/2/test-20250112T065939Z-001/test/real/5021.jpg,Real,test,1920,1080,RGB,JPEG,254.1,790f59c3d30c61c375970b06db77103d,4141616113318782694
/Users/khangtran/.cache/kagglehub/datasets/saurabhbagchi/deepfake-image-detection/versions/2/test-20250112T065939Z-001/test/real/5022.jpg,Real,test,310,163,RGB,JPEG,16.1,f84a59be721ccd225aaeab080ced9a48,1276122278325246074
/Users/khangtran/.cache/kagglehub/datasets/saurabhbagchi/deepfake-image-detection/versions/2/test-20250112T065939Z-001/test/real/5023.jpg,Real,test,834,1000,RGB,JPEG,139.1,814fd5b180324d80e39c1d3d563011fc,14612854010544466246
/Users/khangtran/.cache/kagglehub/datasets/saurabhbagchi/deepfake-image-detection/versions/2/test-20250112T065939Z-001/test/real/5024.jpg,Real,test,1920,1280,RGB,JPEG,191.4,cd59233662820bbb6f6370d19ee023f6,1369390363613857555
/Users/khangtran/.cache/kagglehub/datasets/saurabhbagchi/deepfake-image-detection/versions/2/test-20250112T065939Z-001/test/real/5025.jpg,Real,test,1300,650,RGB,JPEG,172.0,9c2f19201e030899e61b74790623f082,15101569088567522886
/Users/khangtran/.cache/kagglehub/datasets/saurabhbagchi/deepfake-image-detection/versions/2/test-20250112T065939Z-001/test/real/5026.jpg,Real,test,236,314,RGB,JPEG,15.4,ebecbe522c6cea0ced8234f0734aa344,9840841485651753744
/Users/khangtran/.cache/kagglehub/datasets/saurabhbagchi/deepfake-image-detection/versions/2/test-20250112T065939Z-001/test/real/5027.jpg,Real,test,650,433,RGB,JPEG,39.3,c43bff98e26617219410f107fc2f763b,16206449963637061808
/Users/khangtran/.cache/kagglehub/datasets/saurabhbagchi/deepfake-image-detection/versions/2/test-20250112T065939Z-001/test/real/5028.jpg,Real,test,694,360,RGB,JPEG,73.9,81e428e4d9a7b8e027813c4232561904,7121259008456430387
/Users/khangtran/.cache/kagglehub/datasets/saurabhbagchi/deepfake-image-detection/versions/2/test-20250112T065939Z-001/test/real/5029.jpg,Real,test,275,183,RGB,JPEG,12.8,6039dc98a46fe1833b1b6ee05b6f0ce3,8138163622557823153
/Users/khangtran/.cache/kagglehub/datasets/saurabhbagchi/deepfake-image-detection/versions/2/test-20250112T065939Z-001/test/real/5030.jpg,Real,test,1160,600,RGB,JPEG,154.9,576b7c01c4855c51678cabaa6747a189,10637377031577013894
/Users/khangtran/.cache/kagglehub/datasets/saurabhbagchi/deepfake-image-detection/versions/2/test-20250112T065939Z-001/test/real/5031.jpg,Real,test,570,728,RGB,JPEG,74.1,761ccfd133a52a9610f79c721476ace9,8726933025363552103
/Users/khangtran/.cache/kagglehub/datasets/saurabhbagchi/deepfake-image-detection/versions/2/test-20250112T065939Z-001/test/real/5032.jpg,Real,test,1024,767,RGB,JPEG,256.7,429ad759e85b84a63ed78b9ebad19a5b,11734367287331877040
/Users/khangtran/.cache/kagglehub/datasets/saurabhbagchi/deepfake-image-detection/versions/2/test-20250112T065939Z-001/test/real/5033.jpg,Real,test,540,360,RGB,JPEG,71.9,b1d76a8a099bc6e537a64f08acf01b9f,17434543500104364272
/Users/khangtran/.cache/kagglehub/datasets/saurabhbagchi/deepfake-image-detection/versions/2/test-20250112T065939Z-001/test/real/5034.jpg,Real,test,1200,690,RGB,JPEG,154.6,ddd316e36abe35241da73b6ae956e5c0,1663254950053189348
/Users/khangtran/.cache/kagglehub/datasets/saurabhbagchi/deepfake-image-detection/versions/2/test-20250112T065939Z-001/test/real/5035.jpg,Real,test,2815,2550,RGB,JPEG,413.1,1ca4d013020eca8bae991740c1829b11,2753712780968136463
/Users/khangtran/.cache/kagglehub/datasets/saurabhbagchi/deepfake-image-detection/versions/2/test-20250112T065939Z-001/test/real/5036.jpg,Real,test,1800,1200,L,JPEG,400.9,3e3601c2ae65e839e9967e2becf54209,3397736289213837681
/Users/khangtran/.cache/kagglehub/datasets/saurabhbagchi/deepfake-image-detection/versions/2/test-20250112T065939Z-001/test/real/5037.jpg,Real,test,2560,1707,RGB,JPEG,997.7,fcb79f1426f00dc80e885659497fd2e1,8117017044294629624
/Users/khangtran/.cache/kagglehub/datasets/saurabhbagchi/deepfake-image-detection/versions/2/test-20250112T065939Z-001/test/real/5038.jpg,Real,test,626,417,RGB,JPEG,27.7,0a9fff247188183a4b29f8e52e931df9,14307600453691967261
/Users/khangtran/.cache/kagglehub/datasets/saurabhbagchi/deepfake-image-detection/versions/2/test-20250112T065939Z-001/test/real/5039.jpg,Real,test,400,400,RGB,JPEG,39.3,a07489c09fbcbedb72f863da7849e8a8,1089658045948044043
/Users/khangtran/.cache/kagglehub/datasets/saurabhbagchi/deepfake-image-detection/versions/2/test-20250112T065939Z-001/test/real/5040.jpg,Real,test,626,626,RGB,JPEG,120.2,cb2f14e4c312d8aedb4a402a663dcc61,18364820411485484863
/Users/khangtran/.cache/kagglehub/datasets/saurabhbagchi/deepfake-image-detection/versions/2/test-20250112T065939Z-001/test/real/5041.jpg,Real,test,294,171,RGB,JPEG,14.1,23d789de8a7aac832e616a0b33d8e2f1,6347105776700772694
/Users/khangtran/.cache/kagglehub/datasets/saurabhbagchi/deepfake-image-detection/versions/2/test-20250112T065939Z-001/test/real/5042.jpg,Real,test,900,870,RGB,JPEG,305.8,976e777a8829041bbc4ee414ba659395,17646480911688058572
/Users/khangtran/.cache/kagglehub/datasets/saurabhbagchi/deepfake-image-detection/versions/2/test-20250112T065939Z-001/test/real/5043.jpg,Real,test,770,792,RGB,JPEG,143.9,a41f441db0c016042139e20d710d4c58,17348923473087481540
/Users/khangtran/.cache/kagglehub/datasets/saurabhbagchi/deepfake-image-detection/versions/2/test-20250112T065939Z-001/test/real/5044.jpg,Real,test,1000,600,RGB,JPEG,89.4,f64b89973d662845bc6c62662a15e5dc,9341605326087246803
/Users/khangtran/.cache/kagglehub/datasets/saurabhbagchi/deepfake-image-detection/versions/2/test-20250112T065939Z-001/test/real/5045.jpg,Real,test,296,170,RGB,JPEG,16.3,ce4b124517e13d7c296d1a2378f588d0,10348459789443823224
/Users/khangtran/.cache/kagglehub/datasets/saurabhbagchi/deepfake-image-detection/versions/2/test-20250112T065939Z-001/test/real/5046.jpg,Real,test,5295,7091,RGB,JPEG,4899.4,84602f685315731215764bb46feda290,11002560894139427009
/Users/khangtran/.cache/kagglehub/datasets/saurabhbagchi/deepfake-image-detection/versions/2/test-20250112T065939Z-001/test/real/5047.jpg,Real,test,275,183,RGB,JPEG,16.3,493c45cffa054b4423c3d27a0b5f9a40,4375414826159910255
/Users/khangtran/.cache/kagglehub/datasets/saurabhbagchi/deepfake-image-detection/versions/2/test-20250112T065939Z-001/test/real/5048.jpg,Real,test,265,190,RGB,JPEG,11.6,50b1f57980ab70d96520547f7ac2dc19,17047411749041076985
/Users/khangtran/.cache/kagglehub/datasets/saurabhbagchi/deepfake-image-detection/versions/2/test-20250112T065939Z-001/test/real/5049.jpg,Real,test,440,586,RGB,JPEG,28.3,63da3e4ea67634861983af798c39193c,24584062477223744
/Users/khangtran/.cache/kagglehub/datasets/saurabhbagchi/deepfake-image-detection/versions/2/test-20250112T065939Z-001/test/real/5050.jpg,Real,test,268,370,RGB,PNG,199.6,2a078c68918a71f6262ce24cd02f7f2a,12589470555799074369
/Users/khangtran/.cache/kagglehub/datasets/saurabhbagchi/deepfake-image-detection/versions/2/test-20250112T065939Z-001/test/real/5051.jpg,Real,test,2336,3504,RGB,JPEG,3048.6,16681bd1dac88b55c9424f53edd15b22,2637248216853010759
/Users/khangtran/.cache/kagglehub/datasets/saurabhbagchi/deepfake-image-detection/versions/2/test-20250112T065939Z-001/test/real/5052.jpg,Real,test,3085,2015,RGB,JPEG,3998.4,3fe23e1b3620a2845fcc5a619b1a972b,3799128466640778138
/Users/khangtran/.cache/kagglehub/datasets/saurabhbagchi/deepfake-image-detection/versions/2/test-20250112T065939Z-001/test/real/5053.jpg,Real,test,1280,800,RGB,JPEG,247.3,01b10f2b0bce62ec57b386bd68bc77b7,16207021726676342229
/Users/khangtran/.cache/kagglehub/datasets/saurabhbagchi/deepfake-image-detection/versions/2/test-20250112T065939Z-001/test/real/5054.jpg,Real,test,236,300,RGB,JPEG,20.5,d6ffd26c5db3b517d2345d5555d13b15,10289863338539413688
/Users/khangtran/.cache/kagglehub/datasets/saurabhbagchi/deepfake-image-detection/versions/2/test-20250112T065939Z-001/test/real/5055.jpg,Real,test,600,647,RGB,JPEG,163.1,503042cf199a3b2a98a581bca334b2bb,14465812935248840589
/Users/khangtran/.cache/kagglehub/datasets/saurabhbagchi/deepfake-image-detection/versions/2/test-20250112T065939Z-001/test/real/5056.jpg,Real,test,189,267,RGB,JPEG,11.6,6b5a24700a93cfd3f31fc1e461601d03,18211559716096690380
/Users/khangtran/.cache/kagglehub/datasets/saurabhbagchi/deepfake-image-detection/versions/2/test-20250112T065939Z-001/test/real/5057.jpg,Real,test,600,400,RGB,JPEG,53.3,1c3f055aa1bc95e64d215ac8bb41e37a,11566038622029253660
/Users/khangtran/.cache/kagglehub/datasets/saurabhbagchi/deepfake-image-detection/versions/2/test-20250112T065939Z-001/test/real/5058.jpg,Real,test,736,1076,RGB,JPEG,99.7,676e404377bcdcb5ec0f86b3c91146ee,1086268255857827936
/Users/khangtran/.cache/kagglehub/datasets/saurabhbagchi/deepfake-image-detection/versions/2/test-20250112T065939Z-001/test/real/5059.jpg,Real,test,710,533,RGB,JPEG,86.8,5f37a1fade92dddd9e0697e738098928,1591519060111536690
/Users/khangtran/.cache/kagglehub/datasets/saurabhbagchi/deepfake-image-detection/versions/2/test-20250112T065939Z-001/test/real/5060.jpg,Real,test,480,360,RGB,JPEG,28.5,9c39b7a039ac10e16f369acdc647ea37,13890375063154940763
/Users/khangtran/.cache/kagglehub/datasets/saurabhbagchi/deepfake-image-detection/versions/2/test-20250112T065939Z-001/test/real/5061.jpg,Real,test,1000,667,RGB,JPEG,79.4,99ed6b5c81f9a6b76a1943c1bd6d4345,2034567360567719478
/Users/khangtran/.cache/kagglehub/datasets/saurabhbagchi/deepfake-image-detection/versions/2/test-20250112T065939Z-001/test/real/5062.jpg,Real,test,617,360,RGB,JPEG,56.1,57b595cd64fe34bc80a8c919212897bd,16619371911538019
/Users/khangtran/.cache/kagglehub/datasets/saurabhbagchi/deepfake-image-detection/versions/2/test-20250112T065939Z-001/test/real/5063.jpg,Real,test,821,501,RGB,JPEG,93.7,0626c9a641d0e8147c998dba90f2c8c1,7446538635184388915
/Users/khangtran/.cache/kagglehub/datasets/saurabhbagchi/deepfake-image-detection/versions/2/test-20250112T065939Z-001/test/real/5064.jpg,Real,test,2921,1946,RGB,JPEG,461.4,8a011ed49f2593224140c0005f6d8785,9223382417528586240
/Users/khangtran/.cache/kagglehub/datasets/saurabhbagchi/deepfake-image-detection/versions/2/test-20250112T065939Z-001/test/real/5065.jpg,Real,test,600,748,RGB,JPEG,56.1,2d502c9c88e739ab98a71d0f219e21fe,2925363908971121223
/Users/khangtran/.cache/kagglehub/datasets/saurabhbagchi/deepfake-image-detection/versions/2/test-20250112T065939Z-001/test/real/5066.jpg,Real,test,600,314,RGB,JPEG,67.1,ff31c98df6b8ffdbb5b56f3598bb9987,2540453228620059097
/Users/khangtran/.cache/kagglehub/datasets/saurabhbagchi/deepfake-image-detection/versions/2/test-20250112T065939Z-001/test/real/5067.jpg,Real,test,306,165,RGB,JPEG,14.8,11a2a563fe62ac0b3911bd41dd04824e,8654100040333319836
/Users/khangtran/.cache/kagglehub/datasets/saurabhbagchi/deepfake-image-detection/versions/2/test-20250112T065939Z-001/test/real/5068.jpg,Real,test,1296,728,RGB,JPEG,179.6,194dd0c68e868f0494c00cc33ffd8fb8,8369560360361433752
/Users/khangtran/.cache/kagglehub/datasets/saurabhbagchi/deepfake-image-detection/versions/2/test-20250112T065939Z-001/test/real/5069.jpg,Real,test,3200,1800,RGB,JPEG,2212.6,486ea3dc23288bbf9995fba903d31b63,17713986175515364376
/Users/khangtran/.cache/kagglehub/datasets/saurabhbagchi/deepfake-image-detection/versions/2/test-20250112T065939Z-001/test/real/5070.jpg,Real,test,1000,667,RGB,JPEG,132.5,93a940de633301b39b59f2ca08b05912,2172465815549773575
/Users/khangtran/.cache/kagglehub/datasets/saurabhbagchi/deepfake-image-detection/versions/2/test-20250112T065939Z-001/test/real/5071.jpg,Real,test,640,480,RGB,JPEG,62.2,1854ee057cb398b9dfa96c9c69ba6593,9282157257469771904
/Users/khangtran/.cache/kagglehub/datasets/saurabhbagchi/deepfake-image-detection/versions/2/test-20250112T065939Z-001/test/real/5072.jpg,Real,test,1140,684,RGB,JPEG,126.0,aac9804f3032f3b1dc186e052c5cc20f,7179658445229739084
/Users/khangtran/.cache/kagglehub/datasets/saurabhbagchi/deepfake-image-detection/versions/2/test-20250112T065939Z-001/test/real/5073.jpg,Real,test,276,182,RGB,JPEG,14.9,3013e35ce52d88bd8c6baa5b670fb277,6621932113303222360
/Users/khangtran/.cache/kagglehub/datasets/saurabhbagchi/deepfake-image-detection/versions/2/test-20250112T065939Z-001/test/real/5074.jpg,Real,test,2832,4256,RGB,JPEG,3429.5,5b212399f5f23dc89f404ad0459f1d40,14613251977912635388
/Users/khangtran/.cache/kagglehub/datasets/saurabhbagchi/deepfake-image-detection/versions/2/test-20250112T065939Z-001/test/real/5075.jpg,Real,test,600,600,RGB,JPEG,89.5,24fe8471a4fe9ae97fb68c6ab6b5c99b,17930714623398606756
/Users/khangtran/.cache/kagglehub/datasets/saurabhbagchi/deepfake-image-detection/versions/2/test-20250112T065939Z-001/test/real/5076.jpg,Real,test,770,578,RGB,JPEG,50.0,0edf03ed3daceae46fa30568966c18bd,16244608036062163184
/Users/khangtran/.cache/kagglehub/datasets/saurabhbagchi/deepfake-image-detection/versions/2/test-20250112T065939Z-001/test/real/5077.jpg,Real,test,768,384,RGB,JPEG,48.7,4d7a3a2a86e3a047570f48e983277e02,4268062090168915158
/Users/khangtran/.cache/kagglehub/datasets/saurabhbagchi/deepfake-image-detection/versions/2/test-20250112T065939Z-001/test/real/5078.jpg,Real,test,1000,863,RGB,JPEG,183.6,7d2d6d7956f5c942cf228cb63c6c68c0,5561152985886179789
/Users/khangtran/.cache/kagglehub/datasets/saurabhbagchi/deepfake-image-detection/versions/2/test-20250112T065939Z-001/test/real/5079.jpg,Real,test,1200,700,RGB,JPEG,133.0,a1ba9d9356924b5f65892e44b09cd724,3429105105665429039
/Users/khangtran/.cache/kagglehub/datasets/saurabhbagchi/deepfake-image-detection/versions/2/test-20250112T065939Z-001/test/real/5080.jpg,Real,test,800,1192,RGB,JPEG,184.9,c869efb7c4bf177ad6762aa7e6664ef9,542604260371063233
/Users/khangtran/.cache/kagglehub/datasets/saurabhbagchi/deepfake-image-detection/versions/2/test-20250112T065939Z-001/test/real/5081.jpg,Real,test,851,314,RGB,JPEG,169.2,7df1fe5c8fe45bb654e39ae1d40f09c9,14757603062353684198
/Users/khangtran/.cache/kagglehub/datasets/saurabhbagchi/deepfake-image-detection/versions/2/test-20250112T065939Z-001/test/real/5082.jpg,Real,test,2048,3072,RGB,JPEG,965.2,bcde4d681a2d26e99ba1b55b57b5a2e3,17938035831563225931
/Users/khangtran/.cache/kagglehub/datasets/saurabhbagchi/deepfake-image-detection/versions/2/test-20250112T065939Z-001/test/real/5083.jpg,Real,test,300,168,RGB,JPEG,15.3,cc753baa92b676bf9fd8db2e3a3a40c8,11068065209940006247
/Users/khangtran/.cache/kagglehub/datasets/saurabhbagchi/deepfake-image-detection/versions/2/test-20250112T065939Z-001/test/real/5084.jpg,Real,test,969,546,RGB,JPEG,257.0,2d8df271a7a2c8bcc34d864e37c6e040,18373270999660001882
/Users/khangtran/.cache/kagglehub/datasets/saurabhbagchi/deepfake-image-detection/versions/2/test-20250112T065939Z-001/test/real/5085.jpg,Real,test,1050,700,RGB,JPEG,145.5,28744f77e095621ab1be2043652d1a62,4959501887589369542
/Users/khangtran/.cache/kagglehub/datasets/saurabhbagchi/deepfake-image-detection/versions/2/test-20250112T065939Z-001/test/real/5086.jpg,Real,test,716,402,RGB,JPEG,290.6,bbea2ff0990ae1c71e99ddec88bffae2,12876550627738751827
/Users/khangtran/.cache/kagglehub/datasets/saurabhbagchi/deepfake-image-detection/versions/2/test-20250112T065939Z-001/test/real/5087.jpg,Real,test,1201,1182,L,JPEG,154.2,30d3b4fadc34dbb6c614a13b8103596c,16425746262108458221
/Users/khangtran/.cache/kagglehub/datasets/saurabhbagchi/deepfake-image-detection/versions/2/test-20250112T065939Z-001/test/real/5088.jpg,Real,test,645,1002,RGB,JPEG,107.5,ff8a37fada6b8bc5266b46a7250e12ec,113030768768727072
/Users/khangtran/.cache/kagglehub/datasets/saurabhbagchi/deepfake-image-detection/versions/2/test-20250112T065939Z-001/test/real/5089.jpg,Real,test,2000,1500,RGB,JPEG,761.9,55a28e6259082c15531022136ddc4d78,16267498574594633969
/Users/khangtran/.cache/kagglehub/datasets/saurabhbagchi/deepfake-image-detection/versions/2/test-20250112T065939Z-001/test/real/5090.jpg,Real,test,600,600,RGB,JPEG,48.6,8db0c77a70a6932bd6b0c11faaf32a7d,8162500560227074929
/Users/khangtran/.cache/kagglehub/datasets/saurabhbagchi/deepfake-image-detection/versions/2/test-20250112T065939Z-001/test/real/5091.jpg,Real,test,2048,1536,RGB,JPEG,337.6,7defd850746fdcf736d29f2d64a9992c,13889339813588969768
/Users/khangtran/.cache/kagglehub/datasets/saurabhbagchi/deepfake-image-detection/versions/2/test-20250112T065939Z-001/test/real/5092.jpg,Real,test,1280,720,RGBA,PNG,1723.7,f04ddb1e8dedf8632b57a9b195f6277c,17066911767234405361
/Users/khangtran/.cache/kagglehub/datasets/saurabhbagchi/deepfake-image-detection/versions/2/test-20250112T065939Z-001/test/real/5093.jpg,Real,test,1200,934,RGB,JPEG,390.9,ea72ff3df1476d49d2a3c1d9520c8194,2175858827039018863
/Users/khangtran/.cache/kagglehub/datasets/saurabhbagchi/deepfake-image-detection/versions/2/test-20250112T065939Z-001/test/real/5094.jpg,Real,test,1000,1000,RGB,JPEG,219.9,698eaa795dd314c4f0c11828c7cb2947,7017014426466865425
/Users/khangtran/.cache/kagglehub/datasets/saurabhbagchi/deepfake-image-detection/versions/2/test-20250112T065939Z-001/test/real/5095.jpg,Real,test,894,709,RGB,JPEG,239.4,7d517fa35bb2a3214534b13a497f8fdc,17361641480056271024
/Users/khangtran/.cache/kagglehub/datasets/saurabhbagchi/deepfake-image-detection/versions/2/test-20250112T065939Z-001/test/real/5096.jpg,Real,test,1200,627,RGB,JPEG,125.5,38b18bd034e788ee91e21ca5b896b3bd,1374443622910485795
/Users/khangtran/.cache/kagglehub/datasets/saurabhbagchi/deepfake-image-detection/versions/2/test-20250112T065939Z-001/test/real/5097.jpg,Real,test,375,763,RGB,JPEG,33.5,2cbba3f845c79cdcac1774aea9555420,2170454649340101376
/Users/khangtran/.cache/kagglehub/datasets/saurabhbagchi/deepfake-image-detection/versions/2/test-20250112T065939Z-001/test/real/5098.jpg,Real,test,768,512,RGB,JPEG,47.9,edb61830a5bccd2bf6d17ff18c4bc199,2241414508114843407
/Users/khangtran/.cache/kagglehub/datasets/saurabhbagchi/deepfake-image-detection/versions/2/test-20250112T065939Z-001/test/real/5099.jpg,Real,test,310,163,RGB,JPEG,11.1,4e0639b026d10fd137697fc11234ea5b,11429745222207320755
/Users/khangtran/.cache/kagglehub/datasets/saurabhbagchi/deepfake-image-detection/versions/2/test-20250112T065939Z-001/test/real/5100.jpg,Real,test,1000,556,RGB,JPEG,112.1,9165d7c24b3dcdbd6ce8070870f8190a,7017013805635660009
/Users/khangtran/.cache/kagglehub/datasets/saurabhbagchi/deepfake-image-detection/versions/2/test-20250112T065939Z-001/test/real/5101.jpg,Real,test,848,530,RGB,JPEG,111.8,367db587c1e4959fcf9cb4addc39a715,13326402419402635954
/Users/khangtran/.cache/kagglehub/datasets/saurabhbagchi/deepfake-image-detection/versions/2/test-20250112T065939Z-001/test/real/5102.jpg,Real,test,1920,1080,RGB,JPEG,396.5,818a2ca9011a1146846c2a2b928d8532,15702026104385359068
/Users/khangtran/.cache/kagglehub/datasets/saurabhbagchi/deepfake-image-detection/versions/2/test-20250112T065939Z-001/test/real/5103.jpg,Real,test,1570,1089,RGB,PNG,259.8,208e4b7ffa3aac5b5e1a1df038a0c6a9,15336116365733254544
/Users/khangtran/.cache/kagglehub/datasets/saurabhbagchi/deepfake-image-detection/versions/2/test-20250112T065939Z-001/test/real/5104.jpg,Real,test,866,1390,RGB,JPEG,341.2,0d38c0941f46f7dcc5c93d45414c75fa,17358815744024907782
/Users/khangtran/.cache/kagglehub/datasets/saurabhbagchi/deepfake-image-detection/versions/2/test-20250112T065939Z-001/test/real/5105.jpg,Real,test,570,633,RGB,JPEG,151.6,b5111112a1d64f0cc5810aa87fc40d80,16208733218578640024
/Users/khangtran/.cache/kagglehub/datasets/saurabhbagchi/deepfake-image-detection/versions/2/test-20250112T065939Z-001/test/real/5106.jpg,Real,test,240,210,RGB,JPEG,12.4,7dfdde64e14176ec8f0e60ea16a8da29,6293529048024295191
/Users/khangtran/.cache/kagglehub/datasets/saurabhbagchi/deepfake-image-detection/versions/2/test-20250112T065939Z-001/test/real/5107.jpg,Real,test,2400,1350,RGB,JPEG,257.2,edbd3c1899bff72bbdc41784f2ae0c04,8862168564541299227
/Users/khangtran/.cache/kagglehub/datasets/saurabhbagchi/deepfake-image-detection/versions/2/test-20250112T065939Z-001/test/real/5108.jpg,Real,test,1600,1099,RGB,JPEG,355.0,9af0debfd0a5d2995be45381e97e6e36,8895509803457525557
/Users/khangtran/.cache/kagglehub/datasets/saurabhbagchi/deepfake-image-detection/versions/2/test-20250112T065939Z-001/test/real/5109.jpg,Real,test,651,542,RGBA,PNG,1042.1,e84ce2c1e99877718025d403440c5f00,17207110905811111695
/Users/khangtran/.cache/kagglehub/datasets/saurabhbagchi/deepfake-image-detection/versions/2/train-20250112T065955Z-001/train/fake/129.jpg,Fake,train,728,486,RGB,JPEG,76.9,e0ea68d7dd3873613b6fb5e55c6726b0,9882906704864823673
/Users/khangtran/.cache/kagglehub/datasets/saurabhbagchi/deepfake-image-detection/versions/2/train-20250112T065955Z-001/train/fake/130.jpg,Fake,train,1024,512,RGB,JPEG,49.6,ebe3d394226b6a8bd8f610bb6b2bbdd1,4265997211640054980
/Users/khangtran/.cache/kagglehub/datasets/saurabhbagchi/deepfake-image-detection/versions/2/train-20250112T065955Z-001/train/fake/131.jpg,Fake,train,800,400,RGB,JPEG,128.3,52842539f91fdfbec01bd5c047afb272,16403103010419421656
/Users/khangtran/.cache/kagglehub/datasets/saurabhbagchi/deepfake-image-detection/versions/2/train-20250112T065955Z-001/train/fake/132.jpg,Fake,train,789,1040,RGB,JPEG,194.7,51163128fdedae18ad9af0b8c7a36cf9,13961581885718455008
/Users/khangtran/.cache/kagglehub/datasets/saurabhbagchi/deepfake-image-detection/versions/2/train-20250112T065955Z-001/train/fake/133.jpg,Fake,train,600,600,RGB,JPEG,68.6,012a47bda8c401da21cdc576f0f343e9,8536140377671069812
/Users/khangtran/.cache/kagglehub/datasets/saurabhbagchi/deepfake-image-detection/versions/2/train-20250112T065955Z-001/train/fake/134.jpg,Fake,train,352,448,RGB,JPEG,49.4,b6194f298572b65e79696fcf810940f3,7161606810406668018
/Users/khangtran/.cache/kagglehub/datasets/saurabhbagchi/deepfake-image-detection/versions/2/train-20250112T065955Z-001/train/fake/135.jpg,Fake,train,1960,1960,RGB,JPEG,559.4,79026d0cd11f64d75c275b62ea102981,16034521356420296888
/Users/khangtran/.cache/kagglehub/datasets/saurabhbagchi/deepfake-image-detection/versions/2/train-20250112T065955Z-001/train/fake/136.jpg,Fake,train,1600,900,RGB,JPEG,89.7,6311476e289ebbb7fc5a4ee4446485d4,13066143479742486487
/Users/khangtran/.cache/kagglehub/datasets/saurabhbagchi/deepfake-image-detection/versions/2/train-20250112T065955Z-001/train/fake/137.jpg,Fake,train,1400,467,RGBA,PNG,1179.3,4d2b6c7bb260bf7dccdf24751abbac5d,7309802506826376548
/Users/khangtran/.cache/kagglehub/datasets/saurabhbagchi/deepfake-image-detection/versions/2/train-20250112T065955Z-001/train/fake/138.jpg,Fake,train,1800,1200,RGB,JPEG,134.4,66f28381c0de51814ecbe25bc7ba74b7,13455135136605821879
/Users/khangtran/.cache/kagglehub/datasets/saurabhbagchi/deepfake-image-detection/versions/2/train-20250112T065955Z-001/train/fake/139.jpg,Fake,train,626,626,RGB,JPEG,158.0,5285693fe56557163c46d9947e1900d2,13383368917764829368
/Users/khangtran/.cache/kagglehub/datasets/saurabhbagchi/deepfake-image-detection/versions/2/train-20250112T065955Z-001/train/fake/140.jpg,Fake,train,512,512,RGB,PNG,407.1,a572ee50f972ccd38de4ec577dd52f1d,2018778237937173190
/Users/khangtran/.cache/kagglehub/datasets/saurabhbagchi/deepfake-image-detection/versions/2/train-20250112T065955Z-001/train/fake/141.jpg,Fake,train,952,952,RGB,PNG,1042.7,bb9c077557ba266dc21fa37d5f640e5c,5072855172282902881
/Users/khangtran/.cache/kagglehub/datasets/saurabhbagchi/deepfake-image-detection/versions/2/train-20250112T065955Z-001/train/fake/142.jpg,Fake,train,3497,1960,RGB,JPEG,1114.0,49831c604f3f9e7117fb46411fb0eb8a,10154425043881618616
/Users/khangtran/.cache/kagglehub/datasets/saurabhbagchi/deepfake-image-detection/versions/2/train-20250112T065955Z-001/train/fake/143.jpg,Fake,train,1024,1024,RGBA,PNG,1627.4,9c39ecb6c174982a388599056436d76c,17361632615986949228
/Users/khangtran/.cache/kagglehub/datasets/saurabhbagchi/deepfake-image-detection/versions/2/train-20250112T065955Z-001/train/fake/144.jpg,Fake,train,773,1000,RGB,JPEG,92.1,26ae8ae1376a0a11e72b3b27bb1f4c79,2568426892351385622
/Users/khangtran/.cache/kagglehub/datasets/saurabhbagchi/deepfake-image-detection/versions/2/train-20250112T065955Z-001/train/fake/145.jpg,Fake,train,980,551,RGBA,PNG,626.8,2da43d160d0ab5c268d2a694c9a3cf26,8570799311922357219
/Users/khangtran/.cache/kagglehub/datasets/saurabhbagchi/deepfake-image-detection/versions/2/train-20250112T065955Z-001/train/fake/146.jpg,Fake,train,1024,512,RGB,JPEG,47.1,287d811623d1fdabdf55d1af6816c09b,13527574786411633820
/Users/khangtran/.cache/kagglehub/datasets/saurabhbagchi/deepfake-image-detection/versions/2/train-20250112T065955Z-001/train/fake/147.jpg,Fake,train,1200,900,RGB,JPEG,68.0,6a582d6c3f0997a8c733db805e47fc17,1015195242394196664
/Users/khangtran/.cache/kagglehub/datasets/saurabhbagchi/deepfake-image-detection/versions/2/train-20250112T065955Z-001/train/fake/148.jpg,Fake,train,1248,702,RGB,PNG,1301.5,d9b8077f970f70885922a89984c9e026,7093575620132675875
/Users/khangtran/.cache/kagglehub/datasets/saurabhbagchi/deepfake-image-detection/versions/2/train-20250112T065955Z-001/train/fake/149.jpg,Fake,train,1664,1109,RGB,JPEG,1357.9,9e15583a0fa1b732f42e016844a1518e,17650984579968840948
/Users/khangtran/.cache/kagglehub/datasets/saurabhbagchi/deepfake-image-detection/versions/2/train-20250112T065955Z-001/train/fake/150.jpg,Fake,train,1920,1280,RGB,JPEG,578.4,2694356aa3efcb23e341bae8428e67ac,4186606930597372899
/Users/khangtran/.cache/kagglehub/datasets/saurabhbagchi/deepfake-image-detection/versions/2/train-20250112T065955Z-001/train/fake/151.jpg,Fake,train,500,500,RGB,JPEG,141.6,5270dafc9153ffdb5ad7ae616f495362,2314955771789518052
/Users/khangtran/.cache/kagglehub/datasets/saurabhbagchi/deepfake-image-detection/versions/2/train-20250112T065955Z-001/train/fake/152.jpg,Fake,train,1440,810,RGB,JPEG,255.2,5ee94e0f77f806b30fd7ff5a6d8da8fe,16210980503000202910
/Users/khangtran/.cache/kagglehub/datasets/saurabhbagchi/deepfake-image-detection/versions/2/train-20250112T065955Z-001/train/fake/153.jpg,Fake,train,796,531,RGBA,PNG,833.4,6c43fb815e1be7c0c66bce63101e9671,7954740955983752104
/Users/khangtran/.cache/kagglehub/datasets/saurabhbagchi/deepfake-image-detection/versions/2/train-20250112T065955Z-001/train/fake/154.jpg,Fake,train,1400,933,RGB,PNG,2189.5,73c63485709ba52dd07411f8b415bbe2,17361650190927851760
/Users/khangtran/.cache/kagglehub/datasets/saurabhbagchi/deepfake-image-detection/versions/2/train-20250112T065955Z-001/train/fake/155.jpg,Fake,train,760,380,RGB,JPEG,180.0,b85f03b829c8bf4745df3a26be02f531,6157921615609140382
/Users/khangtran/.cache/kagglehub/datasets/saurabhbagchi/deepfake-image-detection/versions/2/train-20250112T065955Z-001/train/fake/156.jpg,Fake,train,1000,667,RGB,JPEG,434.4,c66e83e86c233bb92020bf132af4e79a,12727426211826950240
/Users/khangtran/.cache/kagglehub/datasets/saurabhbagchi/deepfake-image-detection/versions/2/train-20250112T065955Z-001/train/fake/157(1).jpg,Fake,train,799,599,RGB,JPEG,53.9,11e304f6da84f9472319cbfe887dc10d,17867457473307719455
/Users/khangtran/.cache/kagglehub/datasets/saurabhbagchi/deepfake-image-detection/versions/2/train-20250112T065955Z-001/train/fake/157.jpg,Fake,train,799,599,RGB,JPEG,53.9,11e304f6da84f9472319cbfe887dc10d,17867457473307719455
/Users/khangtran/.cache/kagglehub/datasets/saurabhbagchi/deepfake-image-detection/versions/2/train-20250112T065955Z-001/train/fake/158(1).jpg,Fake,train,624,624,RGB,JPEG,152.2,6ae0b381ec03072161589b972dce0f29,11429812578418219224
/Users/khangtran/.cache/kagglehub/datasets/saurabhbagchi/deepfake-image-detection/versions/2/train-20250112T065955Z-001/train/fake/158.jpg,Fake,train,624,624,RGB,JPEG,152.2,6ae0b381ec03072161589b972dce0f29,11429812578418219224
/Users/khangtran/.cache/kagglehub/datasets/saurabhbagchi/deepfake-image-detection/versions/2/train-20250112T065955Z-001/train/fake/159(1).jpg,Fake,train,700,700,RGB,JPEG,75.2,62b68209e8a3ffd8b81256f9fcdaa765,17433770211692196916
/Users/khangtran/.cache/kagglehub/datasets/saurabhbagchi/deepfake-image-detection/versions/2/train-20250112T065955Z-001/train/fake/159.jpg,Fake,train,700,700,RGB,JPEG,75.2,62b68209e8a3ffd8b81256f9fcdaa765,17433770211692196916
/Users/khangtran/.cache/kagglehub/datasets/saurabhbagchi/deepfake-image-detection/versions/2/train-20250112T065955Z-001/train/fake/160.jpg,Fake,train,624,432,RGB,JPEG,51.3,432858302b6c435f503493b60b99646d,12890121170256976024
/Users/khangtran/.cache/kagglehub/datasets/saurabhbagchi/deepfake-image-detection/versions/2/train-20250112T065955Z-001/train/fake/161.jpg,Fake,train,1315,874,RGB,JPEG,1146.1,88c468baa7a2c2921905aac07716450e,7173012623175053795
/Users/khangtran/.cache/kagglehub/datasets/saurabhbagchi/deepfake-image-detection/versions/2/train-20250112T065955Z-001/train/fake/162.jpg,Fake,train,1200,800,RGB,JPEG,63.9,bd348bbe3e1306cb9eef357c795a88c9,11285629903734479764
/Users/khangtran/.cache/kagglehub/datasets/saurabhbagchi/deepfake-image-detection/versions/2/train-20250112T065955Z-001/train/fake/163.jpg,Fake,train,275,183,RGB,JPEG,13.4,e8d3a9d2595d2dd5b0117437c7c9f784,12723870578967661384
/Users/khangtran/.cache/kagglehub/datasets/saurabhbagchi/deepfake-image-detection/versions/2/train-20250112T065955Z-001/train/fake/164.jpg,Fake,train,1920,1080,RGB,JPEG,516.0,f68fdb33079f70e308b6f71023b156ad,17325752603559279465
/Users/khangtran/.cache/kagglehub/datasets/saurabhbagchi/deepfake-image-detection/versions/2/train-20250112T065955Z-001/train/fake/165.jpg,Fake,train,1024,1024,RGB,JPEG,244.4,d2d6f4ceac5d4a5e9371892d0a2df39a,14757411814725507532
/Users/khangtran/.cache/kagglehub/datasets/saurabhbagchi/deepfake-image-detection/versions/2/train-20250112T065955Z-001/train/fake/166.jpg,Fake,train,1280,720,RGB,JPEG,90.4,7f698cc878d3eec66e04dc8c202b6bca,15758925160766486969
/Users/khangtran/.cache/kagglehub/datasets/saurabhbagchi/deepfake-image-detection/versions/2/train-20250112T065955Z-001/train/fake/167.jpg,Fake,train,1400,1146,RGB,JPEG,357.9,c3fd7af5755bc559f25b7e01033a9afc,1168726117319610259
/Users/khangtran/.cache/kagglehub/datasets/saurabhbagchi/deepfake-image-detection/versions/2/train-20250112T065955Z-001/train/fake/168.jpg,Fake,train,1400,1332,P,PNG,478.4,70abc534fa9924247be94b0ae778cfb1,13084511441021410772
/Users/khangtran/.cache/kagglehub/datasets/saurabhbagchi/deepfake-image-detection/versions/2/train-20250112T065955Z-001/train/fake/169.jpg,Fake,train,1499,999,RGB,JPEG,231.0,618512086d5428b9002285d2e1cd72b6,6148914339057599818
/Users/khangtran/.cache/kagglehub/datasets/saurabhbagchi/deepfake-image-detection/versions/2/train-20250112T065955Z-001/train/fake/170.jpg,Fake,train,1200,675,RGB,JPEG,179.2,1acd29c9395b22a376e4d36e9426251c,10066030857536903834
/Users/khangtran/.cache/kagglehub/datasets/saurabhbagchi/deepfake-image-detection/versions/2/train-20250112T065955Z-001/train/fake/171.jpg,Fake,train,570,570,RGB,JPEG,38.2,7a0710e0ec7578525d370802a02343ef,17506321757016130338
/Users/khangtran/.cache/kagglehub/datasets/saurabhbagchi/deepfake-image-detection/versions/2/train-20250112T065955Z-001/train/fake/172.jpg,Fake,train,750,1000,RGB,JPEG,187.3,6d30d0b9c0697b18dd608e07ac078543,8698875281998673140
/Users/khangtran/.cache/kagglehub/datasets/saurabhbagchi/deepfake-image-detection/versions/2/train-20250112T065955Z-001/train/fake/173.jpg,Fake,train,2400,1600,RGBA,PNG,1438.3,6b29fc20605da2e4a74e515b6825e951,13200913835763119731
/Users/khangtran/.cache/kagglehub/datasets/saurabhbagchi/deepfake-image-detection/versions/2/train-20250112T065955Z-001/train/fake/174.jpg,Fake,train,2048,1365,RGB,JPEG,803.7,a730271c27177c826d82f1144823dc91,1736164493157605263
/Users/khangtran/.cache/kagglehub/datasets/saurabhbagchi/deepfake-image-detection/versions/2/train-20250112T065955Z-001/train/fake/175.jpg,Fake,train,1920,1076,RGB,JPEG,351.9,9033d3cdb30c6cb62898e3a3a7424030,14596784550158245277
/Users/khangtran/.cache/kagglehub/datasets/saurabhbagchi/deepfake-image-detection/versions/2/train-20250112T065955Z-001/train/fake/176.jpg,Fake,train,3000,2304,RGB,JPEG,1401.7,f2b9a1ecf33fc27a086ef0120e46385f,17361641480800472296
/Users/khangtran/.cache/kagglehub/datasets/saurabhbagchi/deepfake-image-detection/versions/2/train-20250112T065955Z-001/train/fake/177.jpg,Fake,train,1440,960,RGB,JPEG,636.5,da26437f3ed388f3343cb26e9fee4eb2,14395694394979654419
/Users/khangtran/.cache/kagglehub/datasets/saurabhbagchi/deepfake-image-detection/versions/2/train-20250112T065955Z-001/train/fake/178.jpg,Fake,train,800,550,RGB,JPEG,59.7,2762e75294da2f5172cce0ef1d35ccf5,4552696046207929486
/Users/khangtran/.cache/kagglehub/datasets/saurabhbagchi/deepfake-image-detection/versions/2/train-20250112T065955Z-001/train/fake/179.jpg,Fake,train,256,256,P,PNG,44.9,9db2522f014cdce3db9cbdb878640542,14793565353538892595
/Users/khangtran/.cache/kagglehub/datasets/saurabhbagchi/deepfake-image-detection/versions/2/train-20250112T065955Z-001/train/fake/180.jpg,Fake,train,1200,630,RGB,JPEG,158.5,1ae41d1122bd1406465b7ee9dd014965,4303635131993504665
/Users/khangtran/.cache/kagglehub/datasets/saurabhbagchi/deepfake-image-detection/versions/2/train-20250112T065955Z-001/train/fake/181.jpg,Fake,train,1536,1331,RGB,JPEG,185.6,831a7e5c7b631696a01829a917a3ac92,18144892431871705088
/Users/khangtran/.cache/kagglehub/datasets/saurabhbagchi/deepfake-image-detection/versions/2/train-20250112T065955Z-001/train/fake/182.jpg,Fake,train,1152,1152,RGB,JPEG,92.9,0ac7be8670e8075eb96579e0b1970e3a,11445996304903978030
/Users/khangtran/.cache/kagglehub/datasets/saurabhbagchi/deepfake-image-detection/versions/2/train-20250112T065955Z-001/train/fake/183.jpg,Fake,train,1024,731,RGB,JPEG,93.5,b3fbae4b18d257b27a63a46371275397,18367870663397275664
/Users/khangtran/.cache/kagglehub/datasets/saurabhbagchi/deepfake-image-detection/versions/2/train-20250112T065955Z-001/train/fake/184.jpg,Fake,train,1296,730,RGB,JPEG,228.8,49a5fed8b776569916be097f34df65b4,15626174676851089098
/Users/khangtran/.cache/kagglehub/datasets/saurabhbagchi/deepfake-image-detection/versions/2/train-20250112T065955Z-001/train/fake/185.jpg,Fake,train,1280,755,RGB,JPEG,367.6,ab6f69282c546c4beadbc5b100e5be3a,18011290125428895968
/Users/khangtran/.cache/kagglehub/datasets/saurabhbagchi/deepfake-image-detection/versions/2/train-20250112T065955Z-001/train/fake/186.jpg,Fake,train,1400,933,RGB,JPEG,1123.6,8882861d2a13e82d8091bed6004ea791,12741884977475046216
/Users/khangtran/.cache/kagglehub/datasets/saurabhbagchi/deepfake-image-detection/versions/2/train-20250112T065955Z-001/train/fake/187.jpg,Fake,train,1152,648,RGB,JPEG,120.6,4e4dabc67e896ff5955b7e4347face30,3038428134665087971
/Users/khangtran/.cache/kagglehub/datasets/saurabhbagchi/deepfake-image-detection/versions/2/train-20250112T065955Z-001/train/fake/188.jpg,Fake,train,1152,648,RGB,JPEG,106.4,087808f1cdd4002ade6e649e426787ac,14106372923484529414
/Users/khangtran/.cache/kagglehub/datasets/saurabhbagchi/deepfake-image-detection/versions/2/train-20250112T065955Z-001/train/fake/189.jpg,Fake,train,1200,800,RGB,JPEG,229.4,ccc238c09725083899cb307aa6c8dc11,2156654527606802617
/Users/khangtran/.cache/kagglehub/datasets/saurabhbagchi/deepfake-image-detection/versions/2/train-20250112T065955Z-001/train/fake/190.jpg,Fake,train,1280,1280,RGB,JPEG,563.6,ae0fbcef47f9a7c3840157d2b2854f14,14757395258967641292
/Users/khangtran/.cache/kagglehub/datasets/saurabhbagchi/deepfake-image-detection/versions/2/train-20250112T065955Z-001/train/fake/191.jpg,Fake,train,1200,800,RGB,JPEG,199.6,dbc08f61eb92e7f14755ed79420d17ce,8968865260453200851
/Users/khangtran/.cache/kagglehub/datasets/saurabhbagchi/deepfake-image-detection/versions/2/train-20250112T065955Z-001/train/fake/192.jpg,Fake,train,2000,1052,RGB,JPEG,196.8,4347de8b56c16a8ae823f9e1557889e9,2820771951832818481
/Users/khangtran/.cache/kagglehub/datasets/saurabhbagchi/deepfake-image-detection/versions/2/train-20250112T065955Z-001/train/fake/193.jpg,Fake,train,1250,1253,RGB,JPEG,49.8,b14393eb1deb248781eb4c49e65b513b,3490412902466252848
/Users/khangtran/.cache/kagglehub/datasets/saurabhbagchi/deepfake-image-detection/versions/2/train-20250112T065955Z-001/train/fake/194.jpg,Fake,train,1200,600,RGB,JPEG,85.5,c0a1b7ce55e76bc4aa3b52224a5f11e9,7306048938399156171
/Users/khangtran/.cache/kagglehub/datasets/saurabhbagchi/deepfake-image-detection/versions/2/train-20250112T065955Z-001/train/fake/195.jpg,Fake,train,2304,1536,RGB,JPEG,555.2,b8eba8fa67ac0db39b99aec310198c18,17072715696024898745
/Users/khangtran/.cache/kagglehub/datasets/saurabhbagchi/deepfake-image-detection/versions/2/train-20250112T065955Z-001/train/fake/196.jpg,Fake,train,728,728,RGB,JPEG,142.8,3d71584d15dd0604ac99865ad0b527c8,17922343998567795724
/Users/khangtran/.cache/kagglehub/datasets/saurabhbagchi/deepfake-image-detection/versions/2/train-20250112T065955Z-001/train/fake/197.jpg,Fake,train,1443,1083,RGBA,PNG,614.8,85a6c622713982d7d453cc0706e9e02f,6944797881447757131
/Users/khangtran/.cache/kagglehub/datasets/saurabhbagchi/deepfake-image-detection/versions/2/train-20250112T065955Z-001/train/fake/198.jpg,Fake,train,1061,732,RGB,JPEG,589.2,329fefb535f942dfd31b2a27b8a7b35f,11582260329319666355
/Users/khangtran/.cache/kagglehub/datasets/saurabhbagchi/deepfake-image-detection/versions/2/train-20250112T065955Z-001/train/fake/199.jpg,Fake,train,614,468,RGB,PNG,354.9,6887092fd29d3adea1090d4b66c4ac00,14743820471203413630
/Users/khangtran/.cache/kagglehub/datasets/saurabhbagchi/deepfake-image-detection/versions/2/train-20250112T065955Z-001/train/fake/200.jpg,Fake,train,592,256,RGB,JPEG,36.9,57dee350c2e374d48d10b525e41a2d1e,13896086389670983856
/Users/khangtran/.cache/kagglehub/datasets/saurabhbagchi/deepfake-image-detection/versions/2/train-20250112T065955Z-001/train/fake/201.jpg,Fake,train,650,400,RGB,JPEG,81.1,251aaca903fca5f1eb95a38ed7a0115c,11056743189005365866
/Users/khangtran/.cache/kagglehub/datasets/saurabhbagchi/deepfake-image-detection/versions/2/train-20250112T065955Z-001/train/fake/202.jpg,Fake,train,1548,776,RGB,JPEG,90.7,abc1d303e5ceb2cb6d36f53b75a3c279,8102108119463129200
/Users/khangtran/.cache/kagglehub/datasets/saurabhbagchi/deepfake-image-detection/versions/2/train-20250112T065955Z-001/train/fake/203.jpg,Fake,train,512,512,P,PNG,147.2,67466d946dda8e1eb51104b5e5bacd4c,17344050944361427120
/Users/khangtran/.cache/kagglehub/datasets/saurabhbagchi/deepfake-image-detection/versions/2/train-20250112T065955Z-001/train/fake/204.jpg,Fake,train,1000,703,RGB,JPEG,170.1,a2c1ea6f5a62026df5d86333e54fe45a,12551226120011697205
/Users/khangtran/.cache/kagglehub/datasets/saurabhbagchi/deepfake-image-detection/versions/2/train-20250112T065955Z-001/train/fake/205.jpg,Fake,train,1280,720,RGB,JPEG,253.5,e7dbe7f501d10fa7992c372183706e6c,3689349083139467504
/Users/khangtran/.cache/kagglehub/datasets/saurabhbagchi/deepfake-image-detection/versions/2/train-20250112T065955Z-001/train/fake/206.jpg,Fake,train,1920,960,RGB,JPEG,275.1,99811445b561dcbce82515716a32d74d,1827437111038235734
/Users/khangtran/.cache/kagglehub/datasets/saurabhbagchi/deepfake-image-detection/versions/2/train-20250112T065955Z-001/train/fake/207.jpg,Fake,train,1024,685,P,PNG,282.2,950a144da5d127ba3622e4ac852cf913,18011427603037089988
/Users/khangtran/.cache/kagglehub/datasets/saurabhbagchi/deepfake-image-detection/versions/2/train-20250112T065955Z-001/train/fake/208.jpg,Fake,train,1200,800,RGB,PNG,1251.7,dd6bba8220c860b4a9d51ce9b1d6220b,11813453029927984284
/Users/khangtran/.cache/kagglehub/datasets/saurabhbagchi/deepfake-image-detection/versions/2/train-20250112T065955Z-001/train/fake/209.jpg,Fake,train,2400,1600,RGB,JPEG,501.7,a2abb7db7e0ceb1046d2fecdd377c830,12190698350431533922
/Users/khangtran/.cache/kagglehub/datasets/saurabhbagchi/deepfake-image-detection/versions/2/train-20250112T065955Z-001/train/fake/210.jpg,Fake,train,750,1000,RGB,JPEG,160.5,3209c4286923a7ecc1bbac453bbdd040,17940213328105715868
/Users/khangtran/.cache/kagglehub/datasets/saurabhbagchi/deepfake-image-detection/versions/2/train-20250112T065955Z-001/train/fake/211.jpg,Fake,train,750,375,RGB,JPEG,53.0,f889e4022d390fa67f7afd3e4e4a6d70,6115000543968532632
/Users/khangtran/.cache/kagglehub/datasets/saurabhbagchi/deepfake-image-detection/versions/2/train-20250112T065955Z-001/train/fake/212.jpg,Fake,train,2560,1435,RGB,JPEG,398.6,6b2cb38790d4dd2a4b1959c3a6f4ed13,9774558566889272187
/Users/khangtran/.cache/kagglehub/datasets/saurabhbagchi/deepfake-image-detection/versions/2/train-20250112T065955Z-001/train/fake/213.jpg,Fake,train,640,360,RGB,JPEG,50.7,6659ed6e8278560bfaa172d354f474af,8319259715006310938
/Users/khangtran/.cache/kagglehub/datasets/saurabhbagchi/deepfake-image-detection/versions/2/train-20250112T065955Z-001/train/fake/214.jpg,Fake,train,1200,600,RGB,PNG,516.8,9d276c1fb78d10685cf1a49d994f5ac7,14757951034557166435
/Users/khangtran/.cache/kagglehub/datasets/saurabhbagchi/deepfake-image-detection/versions/2/train-20250112T065955Z-001/train/fake/215.jpg,Fake,train,583,852,RGBA,PNG,553.5,36c025f04f2f4395efaa2e6df616ea6d,17433699074774465784
/Users/khangtran/.cache/kagglehub/datasets/saurabhbagchi/deepfake-image-detection/versions/2/train-20250112T065955Z-001/train/fake/216.jpg,Fake,train,650,400,RGB,JPEG,26.6,518f4677b84b6cb22f13f6f9b2591419,15264041386459384860
/Users/khangtran/.cache/kagglehub/datasets/saurabhbagchi/deepfake-image-detection/versions/2/train-20250112T065955Z-001/train/fake/217.jpg,Fake,train,700,400,RGB,JPEG,82.1,a128b8413d6ce5f7f4c52a576b690cee,16277351440192957881
/Users/khangtran/.cache/kagglehub/datasets/saurabhbagchi/deepfake-image-detection/versions/2/train-20250112T065955Z-001/train/fake/218.jpg,Fake,train,2000,1333,RGB,JPEG,203.6,f7d82467b1d4edecda798aa3fd225cd5,11212724545638827782
/Users/khangtran/.cache/kagglehub/datasets/saurabhbagchi/deepfake-image-detection/versions/2/train-20250112T065955Z-001/train/fake/219.jpg,Fake,train,1200,597,RGB,JPEG,60.5,d41343a418097b4c53979746730f6be9,10132145457863625868
/Users/khangtran/.cache/kagglehub/datasets/saurabhbagchi/deepfake-image-detection/versions/2/train-20250112T065955Z-001/train/fake/220.jpg,Fake,train,1280,769,RGB,PNG,1340.4,406864eab6db85272ac6085f5562023a,7162242268972149529
/Users/khangtran/.cache/kagglehub/datasets/saurabhbagchi/deepfake-image-detection/versions/2/train-20250112T065955Z-001/train/fake/221.jpg,Fake,train,1024,1024,RGB,JPEG,407.6,f6d186ab8d62cf8237b02d3daa9956a6,1844729589355018617
/Users/khangtran/.cache/kagglehub/datasets/saurabhbagchi/deepfake-image-detection/versions/2/train-20250112T065955Z-001/train/fake/222.jpg,Fake,train,2048,1536,RGB,JPEG,447.2,cbcec9c5bf857eb5d54b3280088df62f,17734928076137526194
/Users/khangtran/.cache/kagglehub/datasets/saurabhbagchi/deepfake-image-detection/versions/2/train-20250112T065955Z-001/train/fake/223.jpg,Fake,train,750,750,RGB,JPEG,101.0,bd8231fce4d3c49cd3b3cef0e0b7dafc,14472555844619699191
/Users/khangtran/.cache/kagglehub/datasets/saurabhbagchi/deepfake-image-detection/versions/2/train-20250112T065955Z-001/train/fake/224.jpg,Fake,train,1500,1500,RGB,JPEG,637.9,65d529d98bc0d7d7a412311e67ec67f9,4439661292931266585
/Users/khangtran/.cache/kagglehub/datasets/saurabhbagchi/deepfake-image-detection/versions/2/train-20250112T065955Z-001/train/fake/225.jpg,Fake,train,2500,1645,RGB,JPEG,833.0,18a3de4472de28a9fc97e0a6821a59c3,16208704561809902740
/Users/khangtran/.cache/kagglehub/datasets/saurabhbagchi/deepfake-image-detection/versions/2/train-20250112T065955Z-001/train/fake/226.jpg,Fake,train,1920,1080,RGB,JPEG,3252.0,c3f53e70c87f40853203c87b931db719,10822768050008437535
/Users/khangtran/.cache/kagglehub/datasets/saurabhbagchi/deepfake-image-detection/versions/2/train-20250112T065955Z-001/train/fake/227.jpg,Fake,train,800,450,RGB,JPEG,37.9,2360caa659f30eef3288c7981f9f908d,5572453939472059725
/Users/khangtran/.cache/kagglehub/datasets/saurabhbagchi/deepfake-image-detection/versions/2/train-20250112T065955Z-001/train/fake/228.jpg,Fake,train,1080,1080,RGBA,PNG,1567.1,acfb885817e16dd326ea07afb6c8eb90,17060977672737876329
/Users/khangtran/.cache/kagglehub/datasets/saurabhbagchi/deepfake-image-detection/versions/2/train-20250112T065955Z-001/train/fake/229.jpg,Fake,train,2940,1960,RGB,JPEG,708.4,bd01afba774c84f4699cf80b7e3f2789,14468533444740023950
/Users/khangtran/.cache/kagglehub/datasets/saurabhbagchi/deepfake-image-detection/versions/2/train-20250112T065955Z-001/train/fake/230.jpg,Fake,train,1000,667,RGBA,PNG,1312.8,b7ca1ca6057a7e08658f39d341a030d4,8097703648353673558
/Users/khangtran/.cache/kagglehub/datasets/saurabhbagchi/deepfake-image-detection/versions/2/train-20250112T065955Z-001/train/fake/231.jpg,Fake,train,2560,1440,RGB,JPEG,131.6,47033497a2d56eecf45db65e1f8ed7db,17357131267463241968
/Users/khangtran/.cache/kagglehub/datasets/saurabhbagchi/deepfake-image-detection/versions/2/train-20250112T065955Z-001/train/fake/232.jpg,Fake,train,810,540,RGB,JPEG,105.8,fcd47e5dc8112eb851e5a36f29c2345f,17940283634190695088
/Users/khangtran/.cache/kagglehub/datasets/saurabhbagchi/deepfake-image-detection/versions/2/train-20250112T065955Z-001/train/fake/233.jpg,Fake,train,1792,1008,RGB,JPEG,165.1,01f3c75ef1fb63ab4939a9a2ce7d5329,17339052838166784232
/Users/khangtran/.cache/kagglehub/datasets/saurabhbagchi/deepfake-image-detection/versions/2/train-20250112T065955Z-001/train/fake/234.jpg,Fake,train,1456,816,RGB,PNG,782.7,2895b47dfb4df5258e1a8b606548d61e,14473615482208165020
/Users/khangtran/.cache/kagglehub/datasets/saurabhbagchi/deepfake-image-detection/versions/2/train-20250112T065955Z-001/train/fake/235.jpg,Fake,train,615,900,RGB,JPEG,145.2,acf0410ad93590ffb17bab6f466a3ebb,532343205446430753
/Users/khangtran/.cache/kagglehub/datasets/saurabhbagchi/deepfake-image-detection/versions/2/train-20250112T065955Z-001/train/fake/236.jpg,Fake,train,2026,2026,RGB,JPEG,243.3,287908cc8d558696924363e81c10d276,7224992949419822694
/Users/khangtran/.cache/kagglehub/datasets/saurabhbagchi/deepfake-image-detection/versions/2/train-20250112T065955Z-001/train/fake/237.jpg,Fake,train,1170,515,RGB,JPEG,123.5,4e85c804b6ecb8e08b4852daefc9666c,8102651200697031128
/Users/khangtran/.cache/kagglehub/datasets/saurabhbagchi/deepfake-image-detection/versions/2/train-20250112T065955Z-001/train/fake/238.jpg,Fake,train,225,225,RGB,JPEG,11.6,e2c03715a31f12f842ef31dd4cfb42fd,6951429652802511623
/Users/khangtran/.cache/kagglehub/datasets/saurabhbagchi/deepfake-image-detection/versions/2/train-20250112T065955Z-001/train/fake/239.jpg,Fake,train,400,300,RGB,JPEG,15.5,ca1db841db34ac145e2c7a4568ceca41,13414651458212253390
/Users/khangtran/.cache/kagglehub/datasets/saurabhbagchi/deepfake-image-detection/versions/2/train-20250112T065955Z-001/train/fake/240.jpg,Fake,train,980,980,RGB,JPEG,85.3,42df0ab9faca65c48cfda61efa25b013,4042859309023305503
/Users/khangtran/.cache/kagglehub/datasets/saurabhbagchi/deepfake-image-detection/versions/2/train-20250112T065955Z-001/train/fake/241.jpg,Fake,train,660,440,RGB,JPEG,39.4,ce0c7a2743dc1b64e75e87098c1185f8,18010919189153922360
/Users/khangtran/.cache/kagglehub/datasets/saurabhbagchi/deepfake-image-detection/versions/2/train-20250112T065955Z-001/train/fake/242.jpg,Fake,train,897,1690,RGB,JPEG,250.3,13a9744b102bdc7c1e782f9c89fe9a62,10742462234972600688
/Users/khangtran/.cache/kagglehub/datasets/saurabhbagchi/deepfake-image-detection/versions/2/train-20250112T065955Z-001/train/fake/243.jpg,Fake,train,1024,1024,P,PNG,364.9,359354002403c6054c92ecadf9582048,15914724839044796897
/Users/khangtran/.cache/kagglehub/datasets/saurabhbagchi/deepfake-image-detection/versions/2/train-20250112T065955Z-001/train/fake/244.jpg,Fake,train,1440,960,RGB,JPEG,175.1,5446a28fc9b6ff5c2f1afb7c4c98d386,17363885394645364254
/Users/khangtran/.cache/kagglehub/datasets/saurabhbagchi/deepfake-image-detection/versions/2/train-20250112T065955Z-001/train/fake/245.jpg,Fake,train,1280,853,RGB,JPEG,344.7,3d0750916369b7ee453d0c39901ce718,17077347287623316700
/Users/khangtran/.cache/kagglehub/datasets/saurabhbagchi/deepfake-image-detection/versions/2/train-20250112T065955Z-001/train/fake/246.jpg,Fake,train,1200,630,RGB,JPEG,91.6,4b9e42b148a25a8e20fe14a6d32138a7,14827201018931100081
/Users/khangtran/.cache/kagglehub/datasets/saurabhbagchi/deepfake-image-detection/versions/2/train-20250112T065955Z-001/train/fake/247.jpg,Fake,train,626,626,RGB,JPEG,89.7,fc6dbcb187a0afbd28b6d4842d879d06,8713440654855556348
/Users/khangtran/.cache/kagglehub/datasets/saurabhbagchi/deepfake-image-detection/versions/2/train-20250112T065955Z-001/train/fake/248.jpg,Fake,train,700,350,RGB,JPEG,52.9,2f1937f3f52f56d9639d9c9c50d94764,12967223246290572373
/Users/khangtran/.cache/kagglehub/datasets/saurabhbagchi/deepfake-image-detection/versions/2/train-20250112T065955Z-001/train/fake/249.jpg,Fake,train,1080,739,RGB,PNG,1184.0,45e7d85c441361958c107f44455bd756,3679480111600718792
/Users/khangtran/.cache/kagglehub/datasets/saurabhbagchi/deepfake-image-detection/versions/2/train-20250112T065955Z-001/train/fake/250.jpg,Fake,train,225,225,RGB,JPEG,14.9,2c649bc1c1c1ea8aafb398319577e271,2532473405956318789
/Users/khangtran/.cache/kagglehub/datasets/saurabhbagchi/deepfake-image-detection/versions/2/train-20250112T065955Z-001/train/fake/511.jpg,Fake,train,1400,933,RGB,PNG,1839.7,d2084aab1047dbf501ddbf86e8911d5a,11499191057382490593
/Users/khangtran/.cache/kagglehub/datasets/saurabhbagchi/deepfake-image-detection/versions/2/train-20250112T065955Z-001/train/fake/512.jpg,Fake,train,2048,1365,RGBA,PNG,5486.7,c96ac2c03ba06a0a278448865b12247e,4001324710204331234
/Users/khangtran/.cache/kagglehub/datasets/saurabhbagchi/deepfake-image-detection/versions/2/train-20250112T065955Z-001/train/fake/513.jpg,Fake,train,1200,675,RGB,JPEG,171.3,17259c047dd0031112c301ec140b9db7,884189238527896742
/Users/khangtran/.cache/kagglehub/datasets/saurabhbagchi/deepfake-image-detection/versions/2/train-20250112T065955Z-001/train/fake/514.jpg,Fake,train,1024,1024,RGB,JPEG,92.8,a16436a656b05ace870b9bf22d8edb4d,14107498226608435448
/Users/khangtran/.cache/kagglehub/datasets/saurabhbagchi/deepfake-image-detection/versions/2/train-20250112T065955Z-001/train/fake/515.jpg,Fake,train,1200,630,RGB,PNG,288.1,a65cd78045604f31bd956c2dbb9f5dc3,14116362937442747335
/Users/khangtran/.cache/kagglehub/datasets/saurabhbagchi/deepfake-image-detection/versions/2/train-20250112T065955Z-001/train/fake/516.jpg,Fake,train,1152,768,RGBA,PNG,1463.4,9335c32a7199d19c7cdd5318ba457141,17932715920009858590
/Users/khangtran/.cache/kagglehub/datasets/saurabhbagchi/deepfake-image-detection/versions/2/train-20250112T065955Z-001/train/fake/517.jpg,Fake,train,2951,1400,RGBA,PNG,5388.2,74d6dfa856c6b10e2eff4ccc2b738a1f,15915045543183162580
/Users/khangtran/.cache/kagglehub/datasets/saurabhbagchi/deepfake-image-detection/versions/2/train-20250112T065955Z-001/train/fake/518.jpg,Fake,train,3733,2133,RGB,JPEG,3767.2,f95b32078f947f3fe23781634ffa65f4,13974934164662941936
/Users/khangtran/.cache/kagglehub/datasets/saurabhbagchi/deepfake-image-detection/versions/2/train-20250112T065955Z-001/train/fake/519.jpg,Fake,train,626,351,RGB,JPEG,80.4,5f0d02b85508fe91baecb060174c62e4,10344448220715874544
/Users/khangtran/.cache/kagglehub/datasets/saurabhbagchi/deepfake-image-detection/versions/2/train-20250112T065955Z-001/train/fake/520.jpg,Fake,train,1200,675,RGB,JPEG,73.8,f354e0abdca097af2bb40e27d571d156,958542594468288859
/Users/khangtran/.cache/kagglehub/datasets/saurabhbagchi/deepfake-image-detection/versions/2/train-20250112T065955Z-001/train/fake/521.jpg,Fake,train,1024,1024,RGB,PNG,1300.4,3797af01aaf4563306b6ba9541980a78,10278450631508521460
/Users/khangtran/.cache/kagglehub/datasets/saurabhbagchi/deepfake-image-detection/versions/2/train-20250112T065955Z-001/train/fake/522.jpg,Fake,train,275,183,RGB,JPEG,14.1,ae2692d0dbdc1b2a857657457601bd3a,8265940013081093349
/Users/khangtran/.cache/kagglehub/datasets/saurabhbagchi/deepfake-image-detection/versions/2/train-20250112T065955Z-001/train/fake/523.jpg,Fake,train,1153,860,RGB,JPEG,191.4,927407852cf7831afbde58686b53ee9a,12837605597916848868
/Users/khangtran/.cache/kagglehub/datasets/saurabhbagchi/deepfake-image-detection/versions/2/train-20250112T065955Z-001/train/fake/524.jpg,Fake,train,1200,675,RGB,JPEG,152.9,50cc073ff4811affc8734e79312c1cc4,15338371751103638807
/Users/khangtran/.cache/kagglehub/datasets/saurabhbagchi/deepfake-image-detection/versions/2/train-20250112T065955Z-001/train/fake/525.jpg,Fake,train,759,412,RGB,PNG,635.8,354f0e849f8fea5d6599bae16eec606f,3342785640781409394
/Users/khangtran/.cache/kagglehub/datasets/saurabhbagchi/deepfake-image-detection/versions/2/train-20250112T065955Z-001/train/fake/526.jpg,Fake,train,900,1599,RGB,JPEG,141.8,3f38e0352fec3a0d6b33760e47f8d7bd,8314159015921651228
/Users/khangtran/.cache/kagglehub/datasets/saurabhbagchi/deepfake-image-detection/versions/2/train-20250112T065955Z-001/train/fake/527.jpg,Fake,train,1280,800,RGB,JPEG,272.1,8ad4df2bad0f8e3df30d325016656304,6465437957220308273
/Users/khangtran/.cache/kagglehub/datasets/saurabhbagchi/deepfake-image-detection/versions/2/train-20250112T065955Z-001/train/fake/528.jpg,Fake,train,600,400,RGB,JPEG,50.9,71c27321a9b9e1e19e84e3cd34c64ea5,17361641515632341746
/Users/khangtran/.cache/kagglehub/datasets/saurabhbagchi/deepfake-image-detection/versions/2/train-20250112T065955Z-001/train/fake/529.jpg,Fake,train,500,600,RGB,JPEG,58.8,06c56bc9763c2434213c0e63e6672d3b,8100972314140527072
/Users/khangtran/.cache/kagglehub/datasets/saurabhbagchi/deepfake-image-detection/versions/2/train-20250112T065955Z-001/train/fake/530.jpg,Fake,train,1024,1024,RGB,PNG,1762.9,8c1518a7897c72221fb44c99f0f5f384,11683221595401885712
/Users/khangtran/.cache/kagglehub/datasets/saurabhbagchi/deepfake-image-detection/versions/2/train-20250112T065955Z-001/train/fake/531.jpg,Fake,train,1200,800,RGB,JPEG,280.2,f134443cb8a45a5a2fe32207887dd621,8104329115646062704
/Users/khangtran/.cache/kagglehub/datasets/saurabhbagchi/deepfake-image-detection/versions/2/train-20250112T065955Z-001/train/fake/532.jpg,Fake,train,800,533,RGB,JPEG,61.3,59daca2fee8472c2f12d29cb40b95d65,14757320165593045407
/Users/khangtran/.cache/kagglehub/datasets/saurabhbagchi/deepfake-image-detection/versions/2/train-20250112T065955Z-001/train/fake/533.jpg,Fake,train,4032,2268,RGB,JPEG,1350.3,51e823aa9c15da574d5cc5a5f4e8b230,5352890075935504793
/Users/khangtran/.cache/kagglehub/datasets/saurabhbagchi/deepfake-image-detection/versions/2/train-20250112T065955Z-001/train/fake/534.jpg,Fake,train,1024,1024,RGB,PNG,1730.0,310f4eb28afeec889c113822ead0ce6e,17940327455796506772
/Users/khangtran/.cache/kagglehub/datasets/saurabhbagchi/deepfake-image-detection/versions/2/train-20250112T065955Z-001/train/fake/535.jpg,Fake,train,2100,1400,RGB,PNG,5494.3,760264486d20bf510cbd804bdf95e36e,8678542448251910320
/Users/khangtran/.cache/kagglehub/datasets/saurabhbagchi/deepfake-image-detection/versions/2/train-20250112T065955Z-001/train/fake/536.jpg,Fake,train,1280,826,RGB,JPEG,475.2,9635910739794288b000af48ae655b39,17148679307066722227
/Users/khangtran/.cache/kagglehub/datasets/saurabhbagchi/deepfake-image-detection/versions/2/train-20250112T065955Z-001/train/fake/537.jpg,Fake,train,260,280,RGB,JPEG,47.0,9f0a4f390d6e1735274983efec89169d,14106915453090423225
/Users/khangtran/.cache/kagglehub/datasets/saurabhbagchi/deepfake-image-detection/versions/2/train-20250112T065955Z-001/train/fake/538.jpg,Fake,train,2400,1600,RGB,JPEG,1278.3,2d58d7d0522ccbd3c91e30d207fc9e66,15082934730432418713
/Users/khangtran/.cache/kagglehub/datasets/saurabhbagchi/deepfake-image-detection/versions/2/train-20250112T065955Z-001/train/real/5110.jpg,Real,train,1200,800,RGB,PNG,1709.3,e73cf1fc374b8e5124eede3a1752c6ef,2640398923492793496
/Users/khangtran/.cache/kagglehub/datasets/saurabhbagchi/deepfake-image-detection/versions/2/train-20250112T065955Z-001/train/real/5111.jpg,Real,train,275,183,RGB,JPEG,11.5,b4481239da811bb4669ab5b3875ce804,12226827044989348072
/Users/khangtran/.cache/kagglehub/datasets/saurabhbagchi/deepfake-image-detection/versions/2/train-20250112T065955Z-001/train/real/5112.jpg,Real,train,768,512,RGB,PNG,632.7,07757ea00490ab9c103293b7406d42dd,17934728949002548980
/Users/khangtran/.cache/kagglehub/datasets/saurabhbagchi/deepfake-image-detection/versions/2/train-20250112T065955Z-001/train/real/5113.jpg,Real,train,730,1000,P,PNG,152.7,a57ac7dfdda68c60df12f98ba82f5ebf,8275316301140088149
/Users/khangtran/.cache/kagglehub/datasets/saurabhbagchi/deepfake-image-detection/versions/2/train-20250112T065955Z-001/train/real/5114.jpg,Real,train,1920,2549,RGB,JPEG,556.2,ceeec12a1f5555dc020f43c7f835acbd,8716997440768374498
/Users/khangtran/.cache/kagglehub/datasets/saurabhbagchi/deepfake-image-detection/versions/2/train-20250112T065955Z-001/train/real/5115.jpg,Real,train,500,386,RGB,JPEG,61.1,0885d2bab5f44295e6a66542ae2d5865,8818967038034504908
/Users/khangtran/.cache/kagglehub/datasets/saurabhbagchi/deepfake-image-detection/versions/2/train-20250112T065955Z-001/train/real/5116.jpg,Real,train,750,950,P,PNG,68.2,fa49a4a051a3c6fc90fe58d87564ca80,10276852424926230228
/Users/khangtran/.cache/kagglehub/datasets/saurabhbagchi/deepfake-image-detection/versions/2/train-20250112T065955Z-001/train/real/5117.jpg,Real,train,6016,3384,RGB,JPEG,6319.5,4084bf91ae9480f7838957abe048cf5e,10584158930725249256
/Users/khangtran/.cache/kagglehub/datasets/saurabhbagchi/deepfake-image-detection/versions/2/train-20250112T065955Z-001/train/real/5118.jpg,Real,train,522,1000,RGB,JPEG,198.4,8133625981dc6b8a633b385c759b8fed,6357174164215951135
/Users/khangtran/.cache/kagglehub/datasets/saurabhbagchi/deepfake-image-detection/versions/2/train-20250112T065955Z-001/train/real/5119.jpg,Real,train,3870,5082,RGB,JPEG,9956.4,81bcd4ae94fa28dda5264be0132d4867,4616404863610840727
/Users/khangtran/.cache/kagglehub/datasets/saurabhbagchi/deepfake-image-detection/versions/2/train-20250112T065955Z-001/train/real/5120.jpg,Real,train,1920,1080,RGB,JPEG,430.7,446d6568665815814f65cd2f7232de5e,12913074522391884900
/Users/khangtran/.cache/kagglehub/datasets/saurabhbagchi/deepfake-image-detection/versions/2/train-20250112T065955Z-001/train/real/5121.jpg,Real,train,1534,949,RGB,JPEG,234.5,3461373e8ea076c484a5328023816d76,10288175253410940422
/Users/khangtran/.cache/kagglehub/datasets/saurabhbagchi/deepfake-image-detection/versions/2/train-20250112T065955Z-001/train/real/5122.jpg,Real,train,1024,1024,RGB,JPEG,217.6,80b5b078cca40796507b266f1fbee582,508110901412442417
/Users/khangtran/.cache/kagglehub/datasets/saurabhbagchi/deepfake-image-detection/versions/2/train-20250112T065955Z-001/train/real/5123.jpg,Real,train,698,699,RGB,JPEG,162.8,7296174722175c37242990678afc776d,16485651581495469280
/Users/khangtran/.cache/kagglehub/datasets/saurabhbagchi/deepfake-image-detection/versions/2/train-20250112T065955Z-001/train/real/5124.jpg,Real,train,1024,576,RGB,JPEG,135.4,6eb147626d3050f8a327ea70d68ed6f4,16839435858461430681
/Users/khangtran/.cache/kagglehub/datasets/saurabhbagchi/deepfake-image-detection/versions/2/train-20250112T065955Z-001/train/real/5125.jpg,Real,train,1840,1040,RGB,JPEG,78.4,546792572998efa11e736456bc73c0e6,8103203221789579585
/Users/khangtran/.cache/kagglehub/datasets/saurabhbagchi/deepfake-image-detection/versions/2/train-20250112T065955Z-001/train/real/5126.jpg,Real,train,640,431,RGB,JPEG,16.6,a619d2ed1351ed8be813967b90cff4ce,13875748781838960140
/Users/khangtran/.cache/kagglehub/datasets/saurabhbagchi/deepfake-image-detection/versions/2/train-20250112T065955Z-001/train/real/5127.jpg,Real,train,480,360,RGB,JPEG,31.7,eeffb53e1429bdbcd9ec1910c1949e3d,10920415544814694696
/Users/khangtran/.cache/kagglehub/datasets/saurabhbagchi/deepfake-image-detection/versions/2/train-20250112T065955Z-001/train/real/5128.jpg,Real,train,1280,720,RGB,JPEG,120.4,04604bccb0d11792dbdf9e55183f82b4,16918549229527398769
/Users/khangtran/.cache/kagglehub/datasets/saurabhbagchi/deepfake-image-detection/versions/2/train-20250112T065955Z-001/train/real/5129.jpg,Real,train,700,368,RGB,JPEG,67.2,13e1083aa7e37c0d54c60706f441d696,11429745222207320755
/Users/khangtran/.cache/kagglehub/datasets/saurabhbagchi/deepfake-image-detection/versions/2/train-20250112T065955Z-001/train/real/5130.jpg,Real,train,700,700,RGB,JPEG,122.6,b3e7168424236181cfce82bbb23dfebf,16054844852492885204
/Users/khangtran/.cache/kagglehub/datasets/saurabhbagchi/deepfake-image-detection/versions/2/train-20250112T065955Z-001/train/real/5131.jpg,Real,train,1920,1080,RGB,JPEG,294.2,a4d4fc6ac2e033e29109f21c46d4cfd9,14115375673099305669
/Users/khangtran/.cache/kagglehub/datasets/saurabhbagchi/deepfake-image-detection/versions/2/train-20250112T065955Z-001/train/real/5132.jpg,Real,train,195,258,RGB,JPEG,14.8,0d66e6bc6bce903db4e4f04bc09054d7,593412085278062873
/Users/khangtran/.cache/kagglehub/datasets/saurabhbagchi/deepfake-image-detection/versions/2/train-20250112T065955Z-001/train/real/5133.jpg,Real,train,1000,1000,RGB,JPEG,216.4,01c2e12edd26fb7fcb45bbc8e8d5c09e,1015336467002762083
/Users/khangtran/.cache/kagglehub/datasets/saurabhbagchi/deepfake-image-detection/versions/2/train-20250112T065955Z-001/train/real/5134.jpg,Real,train,1920,1067,RGB,JPEG,170.6,b5f274eb38bf949140377ff21cf73d4e,17216397045316725113
/Users/khangtran/.cache/kagglehub/datasets/saurabhbagchi/deepfake-image-detection/versions/2/train-20250112T065955Z-001/train/real/5135.jpg,Real,train,1024,683,RGB,JPEG,92.8,010d65fc3b5b6abd69bf309fa7bf86d6,16412121120505276199
/Users/khangtran/.cache/kagglehub/datasets/saurabhbagchi/deepfake-image-detection/versions/2/train-20250112T065955Z-001/train/real/5136.jpg,Real,train,600,600,RGB,JPEG,115.0,0dc74dd0792de4cfa179b2c0d3326a07,2748156060432031864
/Users/khangtran/.cache/kagglehub/datasets/saurabhbagchi/deepfake-image-detection/versions/2/train-20250112T065955Z-001/train/real/5137.jpg,Real,train,1400,700,RGB,JPEG,134.8,b02153827f0e26d595536ebc864061cf,9695843790703003533
/Users/khangtran/.cache/kagglehub/datasets/saurabhbagchi/deepfake-image-detection/versions/2/train-20250112T065955Z-001/train/real/5138.jpg,Real,train,1080,1603,RGB,JPEG,470.7,5bf96950d76d1f49cf546c1d4a2f7f4a,506376846113443598
/Users/khangtran/.cache/kagglehub/datasets/saurabhbagchi/deepfake-image-detection/versions/2/train-20250112T065955Z-001/train/real/5139.jpg,Real,train,600,449,RGB,JPEG,48.2,d372cdf226beb86cd27cddeb19bd556c,7740398493674187049
/Users/khangtran/.cache/kagglehub/datasets/saurabhbagchi/deepfake-image-detection/versions/2/train-20250112T065955Z-001/train/real/5140.jpg,Real,train,1800,1800,RGB,JPEG,675.9,1bee70a34375119273ae03ff89428696,3684791202236655856
/Users/khangtran/.cache/kagglehub/datasets/saurabhbagchi/deepfake-image-detection/versions/2/train-20250112T065955Z-001/train/real/5141.jpg,Real,train,720,720,RGB,JPEG,45.2,1f5aa0654b7c6c4bbcb5fcbba01afe2b,14757262802176202324
/Users/khangtran/.cache/kagglehub/datasets/saurabhbagchi/deepfake-image-detection/versions/2/train-20250112T065955Z-001/train/real/5142.jpg,Real,train,673,1000,RGB,JPEG,153.0,aa3ff4f71a345aafece10108ad0bb1d9,15856222240205381438
/Users/khangtran/.cache/kagglehub/datasets/saurabhbagchi/deepfake-image-detection/versions/2/train-20250112T065955Z-001/train/real/5143.jpg,Real,train,800,1200,RGB,JPEG,160.2,5d2b6e352b736aece5a0edeeab997de5,2170197488563075851
/Users/khangtran/.cache/kagglehub/datasets/saurabhbagchi/deepfake-image-detection/versions/2/train-20250112T065955Z-001/train/real/5144.jpg,Real,train,1200,798,RGB,JPEG,40.1,2d5489264913bad0c6553305fcea3dea,5065381731013004345
/Users/khangtran/.cache/kagglehub/datasets/saurabhbagchi/deepfake-image-detection/versions/2/train-20250112T065955Z-001/train/real/5145.jpg,Real,train,1000,1000,RGB,JPEG,85.4,7d2ecb523ce8fbdfb5ccdf7a8b9fbcd1,13088482622844667783
/Users/khangtran/.cache/kagglehub/datasets/saurabhbagchi/deepfake-image-detection/versions/2/train-20250112T065955Z-001/train/real/5146.jpg,Real,train,880,550,RGB,JPEG,123.3,503c5a26ce097115210c9d796fedae7e,7082546286458312206
/Users/khangtran/.cache/kagglehub/datasets/saurabhbagchi/deepfake-image-detection/versions/2/train-20250112T065955Z-001/train/real/5147.jpg,Real,train,1920,1565,RGB,JPEG,487.7,191bec454bf32399908567cecb6ae3d4,16204163496662328048
/Users/khangtran/.cache/kagglehub/datasets/saurabhbagchi/deepfake-image-detection/versions/2/train-20250112T065955Z-001/train/real/5148.jpg,Real,train,700,700,RGB,JPEG,63.7,f6ac7393b224beee9933012417ea46fc,1519706554793804097
/Users/khangtran/.cache/kagglehub/datasets/saurabhbagchi/deepfake-image-detection/versions/2/train-20250112T065955Z-001/train/real/5149.jpg,Real,train,225,225,RGB,JPEG,11.3,0286be982bd884e1f2c785697c6e3b9f,1087463045977248434
/Users/khangtran/.cache/kagglehub/datasets/saurabhbagchi/deepfake-image-detection/versions/2/train-20250112T065955Z-001/train/real/5150.jpg,Real,train,1200,675,RGB,JPEG,68.7,84e8d13683e5f5ed2127e650f9335838,13898355809998891256
/Users/khangtran/.cache/kagglehub/datasets/saurabhbagchi/deepfake-image-detection/versions/2/train-20250112T065955Z-001/train/real/5151.jpg,Real,train,2048,1649,RGB,JPEG,1053.1,62cea83b8ad0bc4d00e8dc0225936f98,7148113195450917483
/Users/khangtran/.cache/kagglehub/datasets/saurabhbagchi/deepfake-image-detection/versions/2/train-20250112T065955Z-001/train/real/5152.jpg,Real,train,630,343,RGBA,PNG,407.7,8933cf804e12d1b753ea1e9a450655f8,11759812558346607130
/Users/khangtran/.cache/kagglehub/datasets/saurabhbagchi/deepfake-image-detection/versions/2/train-20250112T065955Z-001/train/real/5153.jpg,Real,train,3000,3000,RGB,JPEG,1653.1,9865e1a124325c5277d8018d7329694f,4645806442867281152
/Users/khangtran/.cache/kagglehub/datasets/saurabhbagchi/deepfake-image-detection/versions/2/train-20250112T065955Z-001/train/real/5154.jpg,Real,train,3072,1536,RGB,JPEG,897.7,a771d88b700386cba915092b1e72e83d,10959542803327888570
/Users/khangtran/.cache/kagglehub/datasets/saurabhbagchi/deepfake-image-detection/versions/2/train-20250112T065955Z-001/train/real/5155.jpg,Real,train,1140,641,RGB,JPEG,142.4,5884605a54ce86c841396c73b22d5f2d,17940362760691278948
/Users/khangtran/.cache/kagglehub/datasets/saurabhbagchi/deepfake-image-detection/versions/2/train-20250112T065955Z-001/train/real/5156.jpg,Real,train,467,700,RGB,JPEG,61.0,17d6e50a394e526aab4b59db984db67a,5617451614942764317
/Users/khangtran/.cache/kagglehub/datasets/saurabhbagchi/deepfake-image-detection/versions/2/train-20250112T065955Z-001/train/real/5157.jpg,Real,train,1798,1199,RGB,JPEG,383.1,3f9c44233fc767e78336c83aafbdb80d,11014002766718771759
/Users/khangtran/.cache/kagglehub/datasets/saurabhbagchi/deepfake-image-detection/versions/2/train-20250112T065955Z-001/train/real/5158.jpg,Real,train,275,183,RGB,JPEG,14.4,a2bf704d43be164cc658a201b0226e92,11441047562894091431
/Users/khangtran/.cache/kagglehub/datasets/saurabhbagchi/deepfake-image-detection/versions/2/train-20250112T065955Z-001/train/real/5159.jpg,Real,train,347,200,RGB,JPEG,14.4,9be06506b858ffca83d6196c1c95161c,17431738680302762464
/Users/khangtran/.cache/kagglehub/datasets/saurabhbagchi/deepfake-image-detection/versions/2/train-20250112T065955Z-001/train/real/5160.jpg,Real,train,2000,1200,RGB,JPEG,635.1,6698ef5b8a8b4041d76a62aac25b6e13,5362487956749306454
/Users/khangtran/.cache/kagglehub/datasets/saurabhbagchi/deepfake-image-detection/versions/2/train-20250112T065955Z-001/train/real/5161.jpg,Real,train,975,1300,RGB,JPEG,418.2,d062e8c24684536f6cc8be29ce4beadd,939303194646631707
/Users/khangtran/.cache/kagglehub/datasets/saurabhbagchi/deepfake-image-detection/versions/2/train-20250112T065955Z-001/train/real/5162.jpg,Real,train,850,462,RGB,JPEG,142.8,0ee925b06fa775f2fe8f38288f895f8a,8174403278492757357
/Users/khangtran/.cache/kagglehub/datasets/saurabhbagchi/deepfake-image-detection/versions/2/train-20250112T065955Z-001/train/real/5163.jpg,Real,train,778,1000,RGB,JPEG,208.7,16f328806af20a7cbc04096997c5b658,17934711287301325255
/Users/khangtran/.cache/kagglehub/datasets/saurabhbagchi/deepfake-image-detection/versions/2/train-20250112T065955Z-001/train/real/5164.jpg,Real,train,336,500,RGB,JPEG,118.0,71149d61929775e11cdcffaa9884dd4b,2536433830872316211
/Users/khangtran/.cache/kagglehub/datasets/saurabhbagchi/deepfake-image-detection/versions/2/train-20250112T065955Z-001/train/real/5165.jpg,Real,train,976,549,RGB,JPEG,67.8,2451c03ae5fb980f8f7362cfa4f63138,16493450883130674160
/Users/khangtran/.cache/kagglehub/datasets/saurabhbagchi/deepfake-image-detection/versions/2/train-20250112T065955Z-001/train/real/5166.jpg,Real,train,1840,1040,RGB,JPEG,168.3,cdd33998552d4e72bc8e9c31483bd92f,4702680807636445159
/Users/khangtran/.cache/kagglehub/datasets/saurabhbagchi/deepfake-image-detection/versions/2/train-20250112T065955Z-001/train/real/5167.jpg,Real,train,1920,1080,P,PNG,747.0,3554082e68902e2f34077f8c6504d18b,15595040360154062028
/Users/khangtran/.cache/kagglehub/datasets/saurabhbagchi/deepfake-image-detection/versions/2/train-20250112T065955Z-001/train/real/5168.jpg,Real,train,5137,2891,RGB,JPEG,938.7,bb6e5863ed61d1ec304bd2e0a57177ab,868093112291366663
/Users/khangtran/.cache/kagglehub/datasets/saurabhbagchi/deepfake-image-detection/versions/2/train-20250112T065955Z-001/train/real/5169.jpg,Real,train,4000,5000,RGB,JPEG,1859.8,163315151e73bd8c5986e6f86159136e,1097536337721457788
/Users/khangtran/.cache/kagglehub/datasets/saurabhbagchi/deepfake-image-detection/versions/2/train-20250112T065955Z-001/train/real/5170.jpg,Real,train,800,800,RGB,JPEG,92.0,483a0c52e88f939aa3da3ae834ca51fa,578784857937929186
/Users/khangtran/.cache/kagglehub/datasets/saurabhbagchi/deepfake-image-detection/versions/2/train-20250112T065955Z-001/train/real/5171.jpg,Real,train,626,417,RGB,JPEG,41.1,5965d6d67ed00ebf835b37f5ae46ff74,5074828058166761223
/Users/khangtran/.cache/kagglehub/datasets/saurabhbagchi/deepfake-image-detection/versions/2/train-20250112T065955Z-001/train/real/5172.jpg,Real,train,700,400,RGB,PNG,137.8,1fbaa267ca2cd1102acfc8b06880a8ed,3212955697544634629
/Users/khangtran/.cache/kagglehub/datasets/saurabhbagchi/deepfake-image-detection/versions/2/train-20250112T065955Z-001/train/real/5173.jpg,Real,train,600,400,RGB,JPEG,28.1,b463cd045ab41f30155ff5e67828cee1,1085120184756670223
/Users/khangtran/.cache/kagglehub/datasets/saurabhbagchi/deepfake-image-detection/versions/2/train-20250112T065955Z-001/train/real/5174.jpg,Real,train,1400,880,RGB,JPEG,95.0,0a4d94b23f386c887f4a2236409edbf9,2242545357980306990
/Users/khangtran/.cache/kagglehub/datasets/saurabhbagchi/deepfake-image-detection/versions/2/train-20250112T065955Z-001/train/real/5175.jpg,Real,train,512,512,RGB,JPEG,68.4,425c52ae50f350183af5b07815d84f7d,15077239061718435850
/Users/khangtran/.cache/kagglehub/datasets/saurabhbagchi/deepfake-image-detection/versions/2/train-20250112T065955Z-001/train/real/5176.jpg,Real,train,626,391,RGB,JPEG,37.0,8b86d3838feb30483fd4c35983c6dfa5,1766945640101632
/Users/khangtran/.cache/kagglehub/datasets/saurabhbagchi/deepfake-image-detection/versions/2/train-20250112T065955Z-001/train/real/5177.jpg,Real,train,795,460,RGBA,PNG,601.0,d793ffa2c1b3b996cf4252f2bd8f8fe5,1878618012428494084
/Users/khangtran/.cache/kagglehub/datasets/saurabhbagchi/deepfake-image-detection/versions/2/train-20250112T065955Z-001/train/real/5178.jpg,Real,train,2500,1667,RGB,JPEG,870.0,da150cdcee11c5d3b5d4844343ddf55c,14321695175445955049
/Users/khangtran/.cache/kagglehub/datasets/saurabhbagchi/deepfake-image-detection/versions/2/train-20250112T065955Z-001/train/real/5179.jpg,Real,train,3408,2272,RGB,JPEG,934.3,5b0696782d9fcfd298cd4f0f26b3d42b,17357120323413143776
/Users/khangtran/.cache/kagglehub/datasets/saurabhbagchi/deepfake-image-detection/versions/2/train-20250112T065955Z-001/train/real/5180.jpg,Real,train,2048,2048,RGB,PNG,653.3,ac93da9253a40a09ddd4b04920fd113d,36320547587012792
/Users/khangtran/.cache/kagglehub/datasets/saurabhbagchi/deepfake-image-detection/versions/2/train-20250112T065955Z-001/train/real/5181.jpg,Real,train,2000,1335,RGB,JPEG,372.4,2bc9284c6dd9fde9dbfb86de058548a8,14178616486083642147
/Users/khangtran/.cache/kagglehub/datasets/saurabhbagchi/deepfake-image-detection/versions/2/train-20250112T065955Z-001/train/real/5182.jpg,Real,train,1500,1000,RGB,JPEG,192.2,2a30fcc7eed3618b9d2930977457e374,9723448293782877822
/Users/khangtran/.cache/kagglehub/datasets/saurabhbagchi/deepfake-image-detection/versions/2/train-20250112T065955Z-001/train/real/5183.jpg,Real,train,1600,1200,RGB,JPEG,279.5,7e9f8b4beb3a3f7ccc835cf041ca9b7e,1969152576474796916
/Users/khangtran/.cache/kagglehub/datasets/saurabhbagchi/deepfake-image-detection/versions/2/train-20250112T065955Z-001/train/real/5184.jpg,Real,train,800,451,RGB,JPEG,104.7,d552faed66c355e9e3a5927f0adba10b,17650434806165657780
/Users/khangtran/.cache/kagglehub/datasets/saurabhbagchi/deepfake-image-detection/versions/2/train-20250112T065955Z-001/train/real/5185.jpg,Real,train,3264,2448,RGB,JPEG,3598.0,f3ecedfba23d23d811df16efb151944e,14307615183121214700
/Users/khangtran/.cache/kagglehub/datasets/saurabhbagchi/deepfake-image-detection/versions/2/train-20250112T065955Z-001/train/real/5186.jpg,Real,train,1068,889,RGB,JPEG,233.2,098042d4e98bbc0cf6225354617bf891,14770958935674366112
/Users/khangtran/.cache/kagglehub/datasets/saurabhbagchi/deepfake-image-detection/versions/2/train-20250112T065955Z-001/train/real/5187.jpg,Real,train,5760,5075,RGB,JPEG,1090.0,3cf8bb709f305640c1e3a7da7de95377,10274599943307587826
/Users/khangtran/.cache/kagglehub/datasets/saurabhbagchi/deepfake-image-detection/versions/2/train-20250112T065955Z-001/train/real/5188.jpg,Real,train,1300,1009,RGB,JPEG,378.9,898742978297c438d610ab1c21424c05,14942889613697281575
/Users/khangtran/.cache/kagglehub/datasets/saurabhbagchi/deepfake-image-detection/versions/2/train-20250112T065955Z-001/train/real/5189.jpg,Real,train,2000,1200,RGB,JPEG,1882.3,8f94f52fd295a392f644571a8a025142,15513710746992020998
/Users/khangtran/.cache/kagglehub/datasets/saurabhbagchi/deepfake-image-detection/versions/2/train-20250112T065955Z-001/train/real/5190.jpg,Real,train,275,183,RGB,JPEG,12.7,70c713a322a5c7ca72374164ac211e38,14038454354630593228
/Users/khangtran/.cache/kagglehub/datasets/saurabhbagchi/deepfake-image-detection/versions/2/train-20250112T065955Z-001/train/real/5191.jpg,Real,train,1828,2331,RGB,JPEG,2574.5,6c8171add966f7782fe4deb3465297f2,506381184029623047
/Users/khangtran/.cache/kagglehub/datasets/saurabhbagchi/deepfake-image-detection/versions/2/train-20250112T065955Z-001/train/real/5192.jpg,Real,train,800,535,RGB,JPEG,15.4,f2a890b02a1773f4e6a4d4d264dc949e,1252954399825752164
/Users/khangtran/.cache/kagglehub/datasets/saurabhbagchi/deepfake-image-detection/versions/2/train-20250112T065955Z-001/train/real/5193.jpg,Real,train,1920,1280,RGB,JPEG,301.7,f5dafffa742c661159b79760527606fa,17359345528450880662
/Users/khangtran/.cache/kagglehub/datasets/saurabhbagchi/deepfake-image-detection/versions/2/train-20250112T065955Z-001/train/real/5194.jpg,Real,train,1200,630,RGB,JPEG,56.6,646391bb3f9effb949dd4a3d4c671397,1084961303107918296
/Users/khangtran/.cache/kagglehub/datasets/saurabhbagchi/deepfake-image-detection/versions/2/train-20250112T065955Z-001/train/real/5195.jpg,Real,train,1200,675,RGB,JPEG,195.1,8617151d4d53414fa8340ab541c8076e,16548068003244434785
/Users/khangtran/.cache/kagglehub/datasets/saurabhbagchi/deepfake-image-detection/versions/2/train-20250112T065955Z-001/train/real/5196.jpg,Real,train,761,1076,P,PNG,381.8,f96af7b7e7dc04af031dec45c5d3319f,18211559716096690380
/Users/khangtran/.cache/kagglehub/datasets/saurabhbagchi/deepfake-image-detection/versions/2/train-20250112T065955Z-001/train/real/5197.jpg,Real,train,780,439,RGB,JPEG,29.0,d119db95c28e2d42956c77af2adea7e6,11112680649034309423
/Users/khangtran/.cache/kagglehub/datasets/saurabhbagchi/deepfake-image-detection/versions/2/train-20250112T065955Z-001/train/real/5198.jpg,Real,train,800,450,RGB,JPEG,93.1,0be157b7bdd8e78da9f9d4ef42518261,17940354033388744952
/Users/khangtran/.cache/kagglehub/datasets/saurabhbagchi/deepfake-image-detection/versions/2/train-20250112T065955Z-001/train/real/5199.jpg,Real,train,1800,1544,RGB,JPEG,663.9,07ef3061bf6ded7127ed9e0c40d1388e,4213780434144092951
/Users/khangtran/.cache/kagglehub/datasets/saurabhbagchi/deepfake-image-detection/versions/2/train-20250112T065955Z-001/train/real/5200.jpg,Real,train,770,450,RGB,JPEG,60.3,5a2b72943e76998199f92f0d58b0ea02,12804209385103478928
/Users/khangtran/.cache/kagglehub/datasets/saurabhbagchi/deepfake-image-detection/versions/2/train-20250112T065955Z-001/train/real/5201.jpg,Real,train,640,359,RGB,JPEG,53.0,ddf2fa65afcbc41054fa9756150199d8,17363893280952053984
/Users/khangtran/.cache/kagglehub/datasets/saurabhbagchi/deepfake-image-detection/versions/2/train-20250112T065955Z-001/train/real/5202.jpg,Real,train,300,200,RGB,JPEG,34.5,95bdf835598c480833288c64469353cb,16208719751635930810
/Users/khangtran/.cache/kagglehub/datasets/saurabhbagchi/deepfake-image-detection/versions/2/train-20250112T065955Z-001/train/real/5203.jpg,Real,train,500,625,RGB,JPEG,40.5,85558c92555b92c8f4cd0a3f6d587576,9735438178929849219
/Users/khangtran/.cache/kagglehub/datasets/saurabhbagchi/deepfake-image-detection/versions/2/train-20250112T065955Z-001/train/real/5204.jpg,Real,train,2061,1443,RGBA,PNG,2657.8,691d2513f5c372a17aed0b77fdabbc1e,17352604461231443213
/Users/khangtran/.cache/kagglehub/datasets/saurabhbagchi/deepfake-image-detection/versions/2/train-20250112T065955Z-001/train/real/5205.jpg,Real,train,950,535,RGB,JPEG,85.4,836b905758565642f17b49ea3ad47bcd,16267441451697500400
/Users/khangtran/.cache/kagglehub/datasets/saurabhbagchi/deepfake-image-detection/versions/2/train-20250112T065955Z-001/train/real/5206.jpg,Real,train,570,613,RGB,JPEG,79.5,42524d6e62886bee86d4c2e08ef9cdd2,14129647573356305489
/Users/khangtran/.cache/kagglehub/datasets/saurabhbagchi/deepfake-image-detection/versions/2/train-20250112T065955Z-001/train/real/5207.jpg,Real,train,3195,2126,RGBA,PNG,3930.2,d881291264dcf401473b18b2fbb8526c,17940316745520179448
/Users/khangtran/.cache/kagglehub/datasets/saurabhbagchi/deepfake-image-detection/versions/2/train-20250112T065955Z-001/train/real/5208.jpg,Real,train,1500,933,RGB,JPEG,101.0,74f5fd0a92649b0b9907579ad39072f1,976581345372875011
/Users/khangtran/.cache/kagglehub/datasets/saurabhbagchi/deepfake-image-detection/versions/2/train-20250112T065955Z-001/train/real/5209.jpg,Real,train,1920,1080,RGB,JPEG,199.1,031e1c1cffed5c99340af9c15a41e296,10270138806943729127
/Users/khangtran/.cache/kagglehub/datasets/saurabhbagchi/deepfake-image-detection/versions/2/train-20250112T065955Z-001/train/real/5210.jpg,Real,train,500,500,RGB,JPEG,60.7,3acfe1f382084b17f947054f214f3ae4,6383879998394551366
/Users/khangtran/.cache/kagglehub/datasets/saurabhbagchi/deepfake-image-detection/versions/2/train-20250112T065955Z-001/train/real/5211.jpg,Real,train,1000,600,RGB,JPEG,187.2,18ba761485b853184d88c6f498986d25,4340411537548252960
/Users/khangtran/.cache/kagglehub/datasets/saurabhbagchi/deepfake-image-detection/versions/2/train-20250112T065955Z-001/train/real/5212.jpg,Real,train,3502,4159,RGB,JPEG,962.8,06ea8c9b450eb6cd4ade1ccc3f3cd83a,1961666437300435225
/Users/khangtran/.cache/kagglehub/datasets/saurabhbagchi/deepfake-image-detection/versions/2/train-20250112T065955Z-001/train/real/5213.jpg,Real,train,539,360,RGB,JPEG,44.5,0c08de4b950ae1da702ce5d7bbe77ee1,16204622998534802958
/Users/khangtran/.cache/kagglehub/datasets/saurabhbagchi/deepfake-image-detection/versions/2/train-20250112T065955Z-001/train/real/5214.jpg,Real,train,1920,1080,RGB,JPEG,595.7,ba9962f5e0fb2e10f60cce0151927f04,11068065209940006247
/Users/khangtran/.cache/kagglehub/datasets/saurabhbagchi/deepfake-image-detection/versions/2/train-20250112T065955Z-001/train/real/5215.jpg,Real,train,2408,1245,RGB,JPEG,1518.8,1f4cbdb3544a7afa62399fe32d3eadc5,4475268860813716457
/Users/khangtran/.cache/kagglehub/datasets/saurabhbagchi/deepfake-image-detection/versions/2/train-20250112T065955Z-001/train/real/5216.jpg,Real,train,2121,1414,RGB,JPEG,93.7,1fce1a4dd6f4adc399f5e7d5b7be0085,16483099015650046404
/Users/khangtran/.cache/kagglehub/datasets/saurabhbagchi/deepfake-image-detection/versions/2/train-20250112T065955Z-001/train/real/5217.jpg,Real,train,820,1024,RGB,JPEG,186.2,3d1ed89c8b1b9086fbe9b473d9b495c6,9259445195251392792
/Users/khangtran/.cache/kagglehub/datasets/saurabhbagchi/deepfake-image-detection/versions/2/train-20250112T065955Z-001/train/real/5218.jpg,Real,train,2000,1125,RGB,JPEG,299.7,f1a264aa93330595b2428eb9f2062a88,17464390269203295882
/Users/khangtran/.cache/kagglehub/datasets/saurabhbagchi/deepfake-image-detection/versions/2/train-20250112T065955Z-001/train/real/5219.jpg,Real,train,440,305,RGB,JPEG,37.1,dc339ca2f2217b97b9798ce0fca19b54,4928878796569598104
/Users/khangtran/.cache/kagglehub/datasets/saurabhbagchi/deepfake-image-detection/versions/2/train-20250112T065955Z-001/train/real/5220.jpg,Real,train,1600,1067,RGB,JPEG,333.6,016e6c5122dd86a37caa71a67533492b,17361623270476083328
/Users/khangtran/.cache/kagglehub/datasets/saurabhbagchi/deepfake-image-detection/versions/2/train-20250112T065955Z-001/train/real/5221.jpg,Real,train,800,800,RGB,JPEG,131.8,06b7ff8f67ce3b34d48dab6abf31eb37,17335140758614715918
/Users/khangtran/.cache/kagglehub/datasets/saurabhbagchi/deepfake-image-detection/versions/2/train-20250112T065955Z-001/train/real/5222.jpg,Real,train,540,360,RGB,JPEG,57.9,74a0a76a233e90f81646a017050dcc02,14887938164285563110
/Users/khangtran/.cache/kagglehub/datasets/saurabhbagchi/deepfake-image-detection/versions/2/train-20250112T065955Z-001/train/real/5223.jpg,Real,train,512,512,RGB,PNG,86.4,f64c57f598a1e43b93927145f1223e86,10243282739829878876
/Users/khangtran/.cache/kagglehub/datasets/saurabhbagchi/deepfake-image-detection/versions/2/train-20250112T065955Z-001/train/real/5224.jpg,Real,train,1200,676,RGB,JPEG,189.7,5f4e5b2d8345afd9696ddb48b93f9f4d,3995646572924974949
/Users/khangtran/.cache/kagglehub/datasets/saurabhbagchi/deepfake-image-detection/versions/2/train-20250112T065955Z-001/train/real/5225.jpg,Real,train,770,907,RGB,JPEG,142.2,c9659964107b3ca82a798bd3cc0d8d54,12948896421897887968
/Users/khangtran/.cache/kagglehub/datasets/saurabhbagchi/deepfake-image-detection/versions/2/train-20250112T065955Z-001/train/real/5226.jpg,Real,train,236,291,RGB,JPEG,16.1,c0f75b597ade378ab4ad90705e484679,7233681677792251655
/Users/khangtran/.cache/kagglehub/datasets/saurabhbagchi/deepfake-image-detection/versions/2/train-20250112T065955Z-001/train/real/5227.jpg,Real,train,1000,667,RGB,JPEG,76.2,204e5a1387777a0e401933d24054a9cd,17361641481273143536
/Users/khangtran/.cache/kagglehub/datasets/saurabhbagchi/deepfake-image-detection/versions/2/train-20250112T065955Z-001/train/real/5228.jpg,Real,train,260,194,RGB,JPEG,13.9,46598471109f3ee12ca78c43b89ea953,16208702177984706812
/Users/khangtran/.cache/kagglehub/datasets/saurabhbagchi/deepfake-image-detection/versions/2/train-20250112T065955Z-001/train/real/5229.jpg,Real,train,640,480,RGB,JPEG,50.9,f4ccdae2fe0a56f48961733a6f04e132,1130902583676036
/Users/khangtran/.cache/kagglehub/datasets/saurabhbagchi/deepfake-image-detection/versions/2/train-20250112T065955Z-001/train/real/5230.jpg,Real,train,570,445,RGB,JPEG,28.1,dadd811f1335f93287b55a39ba2b6e89,734702672739858680
/Users/khangtran/.cache/kagglehub/datasets/saurabhbagchi/deepfake-image-detection/versions/2/train-20250112T065955Z-001/train/real/5231.jpg,Real,train,2400,1800,RGB,JPEG,807.5,4197700eeb555dcb3fe462241af451cc,6512523512097399085
/Users/khangtran/.cache/kagglehub/datasets/saurabhbagchi/deepfake-image-detection/versions/2/train-20250112T065955Z-001/train/real/5232.jpg,Real,train,894,1235,RGB,JPEG,83.4,aa5111492244c41942a671ca90892670,8984804824746239235
/Users/khangtran/.cache/kagglehub/datasets/saurabhbagchi/deepfake-image-detection/versions/2/train-20250112T065955Z-001/train/real/5233.jpg,Real,train,1920,1281,RGB,JPEG,340.2,4dd94f7420cbb80dcbcf29d6faf0ef84,16204163530280194248
/Users/khangtran/.cache/kagglehub/datasets/saurabhbagchi/deepfake-image-detection/versions/2/train-20250112T065955Z-001/train/real/5234.jpg,Real,train,2048,1365,RGB,JPEG,621.3,7455a3dbfdf1338d85566a0357a88c84,456086162174213484
/Users/khangtran/.cache/kagglehub/datasets/saurabhbagchi/deepfake-image-detection/versions/2/train-20250112T065955Z-001/train/real/5235.jpg,Real,train,1280,720,RGB,JPEG,204.7,af25564b5dd9e3a5be11a26b12e95509,4154799682913630321
/Users/khangtran/.cache/kagglehub/datasets/saurabhbagchi/deepfake-image-detection/versions/2/train-20250112T065955Z-001/train/real/5236.jpg,Real,train,894,597,RGB,JPEG,112.7,e9e988ea71a4742a6422b3542a97d897,15771175371570966704
/Users/khangtran/.cache/kagglehub/datasets/saurabhbagchi/deepfake-image-detection/versions/2/train-20250112T065955Z-001/train/real/5237.jpg,Real,train,6720,4480,RGB,JPEG,1409.8,57fdfbc6d6e477aaa852cd9ad5ebc976,2021232847469976675
/Users/khangtran/.cache/kagglehub/datasets/saurabhbagchi/deepfake-image-detection/versions/2/train-20250112T065955Z-001/train/real/5238.jpg,Real,train,2500,1674,RGB,JPEG,565.9,48ac9525ef2b0403dd078b1f329bb2c3,9569287948459333752
/Users/khangtran/.cache/kagglehub/datasets/saurabhbagchi/deepfake-image-detection/versions/2/train-20250112T065955Z-001/train/real/5239.jpg,Real,train,564,700,RGB,JPEG,50.2,933ad9f3caf62a87de017df664fc1e8a,7057695786730614880
/Users/khangtran/.cache/kagglehub/datasets/saurabhbagchi/deepfake-image-detection/versions/2/train-20250112T065955Z-001/train/real/5240.jpg,Real,train,1000,600,RGB,JPEG,115.4,7a5613021afa5b546bb63d72eee30bd5,7812732182093274264
/Users/khangtran/.cache/kagglehub/datasets/saurabhbagchi/deepfake-image-detection/versions/2/train-20250112T065955Z-001/train/real/5241.jpg,Real,train,637,493,RGB,JPEG,56.4,7a2323fcd8ae863d8482a3f798c8a237,16277383313633171873
/Users/khangtran/.cache/kagglehub/datasets/saurabhbagchi/deepfake-image-detection/versions/2/train-20250112T065955Z-001/train/real/5242.jpg,Real,train,1000,787,RGB,JPEG,93.1,921962fa82c26e567056783dde920388,1306590301439164550
/Users/khangtran/.cache/kagglehub/datasets/saurabhbagchi/deepfake-image-detection/versions/2/train-20250112T065955Z-001/train/real/5243.jpg,Real,train,2396,1348,RGB,JPEG,523.0,c13eaa8e00c325572a08c4df255b372f,3689526597148491327
/Users/khangtran/.cache/kagglehub/datasets/saurabhbagchi/deepfake-image-detection/versions/2/train-20250112T065955Z-001/train/real/5244.jpg,Real,train,1920,1080,RGB,JPEG,1707.8,13fe40cf2b0eab91ea29ca946059e29a,17063743809017279457
/Users/khangtran/.cache/kagglehub/datasets/saurabhbagchi/deepfake-image-detection/versions/2/train-20250112T065955Z-001/train/real/5245.jpg,Real,train,271,186,RGB,JPEG,11.1,a3f8a69ef730ba821140af40554b6dcb,8895509803457525557
/Users/khangtran/.cache/kagglehub/datasets/saurabhbagchi/deepfake-image-detection/versions/2/train-20250112T065955Z-001/train/real/5246.jpg,Real,train,692,865,RGB,JPEG,114.5,9d45615d2c00da091db43fbd8e71b5be,280616193586948344
/Users/khangtran/.cache/kagglehub/datasets/saurabhbagchi/deepfake-image-detection/versions/2/train-20250112T065955Z-001/train/real/5247.jpg,Real,train,2560,2035,RGB,JPEG,1712.1,b7f90adba3eb21cc62f5e1f8af4e828e,8812432470994632897
/Users/khangtran/.cache/kagglehub/datasets/saurabhbagchi/deepfake-image-detection/versions/2/train-20250112T065955Z-001/train/real/5248.jpg,Real,train,362,400,RGB,JPEG,61.6,3d83bfe7ce02e82d657888e1ad393e1f,10153057383989089163
/Users/khangtran/.cache/kagglehub/datasets/saurabhbagchi/deepfake-image-detection/versions/2/train-20250112T065955Z-001/train/real/5249.jpg,Real,train,2663,1997,RGB,JPEG,709.3,efc89a809beb22b4f1cf3976925abcaf,16343153045982355006
/Users/khangtran/.cache/kagglehub/datasets/saurabhbagchi/deepfake-image-detection/versions/2/train-20250112T065955Z-001/train/real/5250.jpg,Real,train,817,427,RGB,JPEG,29.5,74df14ca0e2beabf60f20f3a20e72ae3,1046672361907459762
/Users/khangtran/.cache/kagglehub/datasets/saurabhbagchi/deepfake-image-detection/versions/2/train-20250112T065955Z-001/train/real/5251.jpg,Real,train,1280,720,RGB,JPEG,129.0,6c9a4c8c3effdee01ef2469d7e7b36d2,23029077015396864
/Users/khangtran/.cache/kagglehub/datasets/saurabhbagchi/deepfake-image-detection/versions/2/train-20250112T065955Z-001/train/real/5252.jpg,Real,train,191,264,RGB,JPEG,13.3,5daf54fe33fdf4411975fe4d1dd29773,12589470555799074369
/Users/khangtran/.cache/kagglehub/datasets/saurabhbagchi/deepfake-image-detection/versions/2/train-20250112T065955Z-001/train/real/5253.jpg,Real,train,2400,1600,RGB,JPEG,3297.2,68e124bf594667ae0f11eb632a370bf3,7847223921615104230
/Users/khangtran/.cache/kagglehub/datasets/saurabhbagchi/deepfake-image-detection/versions/2/train-20250112T065955Z-001/train/real/5254.jpg,Real,train,1024,683,RGB,JPEG,399.6,0dd1f0f79728802123ae66c58ebb9ddc,7468893181267212540
/Users/khangtran/.cache/kagglehub/datasets/saurabhbagchi/deepfake-image-detection/versions/2/train-20250112T065955Z-001/train/real/5255.jpg,Real,train,960,640,RGB,JPEG,93.6,14e62c614b49090f2b5fd338c872884e,235888379104011
/Users/khangtran/.cache/kagglehub/datasets/saurabhbagchi/deepfake-image-detection/versions/2/train-20250112T065955Z-001/train/real/5256.jpg,Real,train,894,625,RGB,JPEG,105.5,121a3fc9b9ac9a25fe8114bcbfe8e105,13889348576245637344
/Users/khangtran/.cache/kagglehub/datasets/saurabhbagchi/deepfake-image-detection/versions/2/train-20250112T065955Z-001/train/real/5257.jpg,Real,train,1247,1247,RGB,JPEG,169.7,e027b2fb10f0054d0631276e6c7845bb,9387506166517393646
/Users/khangtran/.cache/kagglehub/datasets/saurabhbagchi/deepfake-image-detection/versions/2/train-20250112T065955Z-001/train/real/5258.jpg,Real,train,540,360,RGB,JPEG,61.6,3bdfc3208c9d921c6c18f6c699289296,17363873541278257328
/Users/khangtran/.cache/kagglehub/datasets/saurabhbagchi/deepfake-image-detection/versions/2/train-20250112T065955Z-001/train/real/5259.jpg,Real,train,800,1071,L,JPEG,85.0,92d223b120b014907bb19304e2c07115,5720523039744057825
/Users/khangtran/.cache/kagglehub/datasets/saurabhbagchi/deepfake-image-detection/versions/2/train-20250112T065955Z-001/train/real/5260.jpg,Real,train,1200,675,RGB,JPEG,101.1,4439c5c78b7dd0feb4a9fd35e5f116db,7269569224848455477
/Users/khangtran/.cache/kagglehub/datasets/saurabhbagchi/deepfake-image-detection/versions/2/train-20250112T065955Z-001/train/real/5261.jpg,Real,train,592,333,RGB,JPEG,100.3,b984884debccaebcdbaf13cb67713334,8882887201354853155
/Users/khangtran/.cache/kagglehub/datasets/saurabhbagchi/deepfake-image-detection/versions/2/train-20250112T065955Z-001/train/real/5262.jpg,Real,train,594,759,RGB,JPEG,77.8,fdbb0e74fab156051764f6eeb84e19be,2178355938070564687
/Users/khangtran/.cache/kagglehub/datasets/saurabhbagchi/deepfake-image-detection/versions/2/train-20250112T065955Z-001/train/real/5263.jpg,Real,train,867,1300,RGB,JPEG,552.4,1a8dd68231b579871998f785137eb909,17578643823339126072
/Users/khangtran/.cache/kagglehub/datasets/saurabhbagchi/deepfake-image-detection/versions/2/train-20250112T065955Z-001/train/real/5264.jpg,Real,train,1280,720,RGB,JPEG,98.2,80f074f22645834ec79a92243adaf45e,11546840320995696150
/Users/khangtran/.cache/kagglehub/datasets/saurabhbagchi/deepfake-image-detection/versions/2/train-20250112T065955Z-001/train/real/5265.jpg,Real,train,1200,1200,RGB,JPEG,623.6,2a617a4c431bdeec1c5b5b559430b44e,1826603712410527630
/Users/khangtran/.cache/kagglehub/datasets/saurabhbagchi/deepfake-image-detection/versions/2/train-20250112T065955Z-001/train/real/5266.jpg,Real,train,2184,1454,RGB,JPEG,813.3,22da0d519d63b3e15e24bf2197d95bbb,13952478241576947653
/Users/khangtran/.cache/kagglehub/datasets/saurabhbagchi/deepfake-image-detection/versions/2/train-20250112T065955Z-001/train/real/5267.jpg,Real,train,681,960,RGB,JPEG,84.3,368c9175de81dc17f48b65a601f64d1f,17934587390261710798
/Users/khangtran/.cache/kagglehub/datasets/saurabhbagchi/deepfake-image-detection/versions/2/train-20250112T065955Z-001/train/real/5268.jpg,Real,train,1199,674,RGB,JPEG,315.1,3567c24e6a13a4af47cddfcec220c8c0,6915904356115200493
/Users/khangtran/.cache/kagglehub/datasets/saurabhbagchi/deepfake-image-detection/versions/2/train-20250112T065955Z-001/train/real/5269.jpg,Real,train,1920,1080,RGB,JPEG,340.3,dc9d3d631a3a8407493896009795800a,7811038769390570837
/Users/khangtran/.cache/kagglehub/datasets/saurabhbagchi/deepfake-image-detection/versions/2/train-20250112T065955Z-001/train/real/5270.jpg,Real,train,2315,2696,RGB,JPEG,428.6,4967fd443b7e6d3bd96dd9d44dfef3de,9260120685180641761
/Users/khangtran/.cache/kagglehub/datasets/saurabhbagchi/deepfake-image-detection/versions/2/train-20250112T065955Z-001/train/real/5271.jpg,Real,train,1200,690,RGB,JPEG,116.6,d41b73d86d0efd30b6d47a82571c0519,5732393540888636749
/Users/khangtran/.cache/kagglehub/datasets/saurabhbagchi/deepfake-image-detection/versions/2/train-20250112T065955Z-001/train/real/5272.jpg,Real,train,1040,1566,RGBA,PNG,2479.8,95368f483f20c16b564d61eae0f72c1b,14165637096246665440
/Users/khangtran/.cache/kagglehub/datasets/saurabhbagchi/deepfake-image-detection/versions/2/train-20250112T065955Z-001/train/real/5273.jpg,Real,train,750,422,RGB,JPEG,110.0,c8fb0f62d71f82507d722eaad25c0ba4,1093098966520159067
/Users/khangtran/.cache/kagglehub/datasets/saurabhbagchi/deepfake-image-detection/versions/2/train-20250112T065955Z-001/train/real/5274.jpg,Real,train,720,720,RGB,JPEG,102.4,c9d398aa008902f09abeeff93ec827ad,13889350163001029360
/Users/khangtran/.cache/kagglehub/datasets/saurabhbagchi/deepfake-image-detection/versions/2/train-20250112T065955Z-001/train/real/5275.jpg,Real,train,1920,1080,RGB,JPEG,420.6,98d9e504bd970f87140b5bd19e1780fb,11249002963836387329
/Users/khangtran/.cache/kagglehub/datasets/saurabhbagchi/deepfake-image-detection/versions/2/train-20250112T065955Z-001/train/real/5276.jpg,Real,train,940,788,RGBA,PNG,1449.2,5db2f59640c1529421c3f89a8c5d6c1b,3388733573823608631
/Users/khangtran/.cache/kagglehub/datasets/saurabhbagchi/deepfake-image-detection/versions/2/train-20250112T065955Z-001/train/real/5277.jpg,Real,train,1280,720,RGB,JPEG,154.4,d0dee2d81ec307ef26ec3d0f5ca1f75f,4702254727193676992
/Users/khangtran/.cache/kagglehub/datasets/saurabhbagchi/deepfake-image-detection/versions/2/train-20250112T065955Z-001/train/real/5278.jpg,Real,train,1600,1200,RGB,JPEG,427.9,9f4b3987ee2491a6fe2bfca8d7438b1d,750737949889868198
/Users/khangtran/.cache/kagglehub/datasets/saurabhbagchi/deepfake-image-detection/versions/2/train-20250112T065955Z-001/train/real/5279.jpg,Real,train,1529,2000,RGB,JPEG,432.0,319a091767cd59e859da05ffea4b87a8,1086233062986395692
/Users/khangtran/.cache/kagglehub/datasets/saurabhbagchi/deepfake-image-detection/versions/2/train-20250112T065955Z-001/train/real/5280.jpg,Real,train,1671,940,RGB,JPEG,266.3,a4ab05b5735680c24f31ae55abeb18f1,4630019421784305319
/Users/khangtran/.cache/kagglehub/datasets/saurabhbagchi/deepfake-image-detection/versions/2/train-20250112T065955Z-001/train/real/5281.jpg,Real,train,1200,630,RGB,PNG,1147.9,a128a10176adbf2593a7c888fb9df724,16040863758532789460
/Users/khangtran/.cache/kagglehub/datasets/saurabhbagchi/deepfake-image-detection/versions/2/train-20250112T065955Z-001/train/real/5282.jpg,Real,train,1920,1080,RGB,JPEG,331.2,c1765fc8a0f3aebdfadc6ac6acca9a1f,13881824881487519442
/Users/khangtran/.cache/kagglehub/datasets/saurabhbagchi/deepfake-image-detection/versions/2/train-20250112T065955Z-001/train/real/5283.jpg,Real,train,4095,4794,RGB,JPEG,5896.1,6a1f51973dbffa7a3ead8e9b012cc03c,1799439181944091232
/Users/khangtran/.cache/kagglehub/datasets/saurabhbagchi/deepfake-image-detection/versions/2/train-20250112T065955Z-001/train/real/5284.jpg,Real,train,728,410,RGB,JPEG,120.3,4b75aca26f50e85a41a406bc9f5ab6d8,4612672013004211870
/Users/khangtran/.cache/kagglehub/datasets/saurabhbagchi/deepfake-image-detection/versions/2/train-20250112T065955Z-001/train/real/5285.jpg,Real,train,800,1423,RGB,JPEG,109.9,868dcee144691453441ad56f40435a93,4064606441716187919
/Users/khangtran/.cache/kagglehub/datasets/saurabhbagchi/deepfake-image-detection/versions/2/train-20250112T065955Z-001/train/real/5286.jpg,Real,train,1200,690,RGB,JPEG,150.8,0f933b775a269982b34d0f968ed1d451,2604387791334266806
/Users/khangtran/.cache/kagglehub/datasets/saurabhbagchi/deepfake-image-detection/versions/2/train-20250112T065955Z-001/train/real/5287.jpg,Real,train,3648,5472,RGB,JPEG,1000.9,1efb5545fb87196c4a4039954dda834d,520580242382127361
/Users/khangtran/.cache/kagglehub/datasets/saurabhbagchi/deepfake-image-detection/versions/2/train-20250112T065955Z-001/train/real/5288.jpg,Real,train,552,800,RGB,JPEG,69.0,1adcf94bc2273f5eb3d92fa5a625d747,13663423438601297839
/Users/khangtran/.cache/kagglehub/datasets/saurabhbagchi/deepfake-image-detection/versions/2/train-20250112T065955Z-001/train/real/5289.jpg,Real,train,1136,936,RGB,JPEG,99.0,797b95699e836321624d877aa4b24212,1017267243845618463
/Users/khangtran/.cache/kagglehub/datasets/saurabhbagchi/deepfake-image-detection/versions/2/train-20250112T065955Z-001/train/real/5290.jpg,Real,train,727,1000,RGB,JPEG,142.3,8733d0bd0c7c3fa96c0ae4e3597e2507,2781986079144212721
/Users/khangtran/.cache/kagglehub/datasets/saurabhbagchi/deepfake-image-detection/versions/2/train-20250112T065955Z-001/train/real/5291.jpg,Real,train,755,1000,RGB,JPEG,535.4,7554a6145ebc88bafc7079900efb84e5,593412085278062873
/Users/khangtran/.cache/kagglehub/datasets/saurabhbagchi/deepfake-image-detection/versions/2/train-20250112T065955Z-001/train/real/5292.jpg,Real,train,183,275,RGB,JPEG,15.4,5174490252bb88e1d8b1b2a2efba50cb,2637248216853010759
/Users/khangtran/.cache/kagglehub/datasets/saurabhbagchi/deepfake-image-detection/versions/2/train-20250112T065955Z-001/train/real/5293.jpg,Real,train,1024,512,RGB,JPEG,188.0,6989f5ace58aa8818d1f57b73b452f38,7273580527248198635
/Users/khangtran/.cache/kagglehub/datasets/saurabhbagchi/deepfake-image-detection/versions/2/train-20250112T065955Z-001/train/real/5294.jpg,Real,train,1000,1000,RGB,JPEG,157.6,3a89bb75b43ec7e8a253ccbdda9166c3,16204198818167568014
/Users/khangtran/.cache/kagglehub/datasets/saurabhbagchi/deepfake-image-detection/versions/2/train-20250112T065955Z-001/train/real/5295.jpg,Real,train,390,280,RGB,JPEG,20.5,cc47eeaaa995363f28c554024e84f9f0,14305269480581689078
/Users/khangtran/.cache/kagglehub/datasets/saurabhbagchi/deepfake-image-detection/versions/2/train-20250112T065955Z-001/train/real/5296.jpg,Real,train,245,206,RGB,JPEG,12.3,2f8e93f2175bd5fe77ee55b472874031,3388733573823608631
/Users/khangtran/.cache/kagglehub/datasets/saurabhbagchi/deepfake-image-detection/versions/2/train-20250112T065955Z-001/train/real/5297.jpg,Real,train,1920,1200,RGB,JPEG,408.9,1917122bbbb7812e421bf9f9b6be9d1b,17361645896365305548
/Users/khangtran/.cache/kagglehub/datasets/saurabhbagchi/deepfake-image-detection/versions/2/train-20250112T065955Z-001/train/real/5298.jpg,Real,train,570,455,RGB,JPEG,141.3,6a5958476eb82e060630593b23c238d2,8206052482663702901
/Users/khangtran/.cache/kagglehub/datasets/saurabhbagchi/deepfake-image-detection/versions/2/train-20250112T065955Z-001/train/real/5299.jpg,Real,train,2880,1620,RGB,JPEG,935.9,48751d38687b0337f3769090a3ad0a2c,9843800267096626196
/Users/khangtran/.cache/kagglehub/datasets/saurabhbagchi/deepfake-image-detection/versions/2/train-20250112T065955Z-001/train/real/5300.jpg,Real,train,767,506,RGB,JPEG,31.9,0c3a4fe5537e738f22072df9ca2554f4,9277627166483333312
/Users/khangtran/.cache/kagglehub/datasets/saurabhbagchi/deepfake-image-detection/versions/2/train-20250112T065955Z-001/train/real/5301.jpg,Real,train,800,450,RGB,JPEG,104.0,321eb28258605b8b0f7745f0c8db9fd0,16782893744380242152
/Users/khangtran/.cache/kagglehub/datasets/saurabhbagchi/deepfake-image-detection/versions/2/train-20250112T065955Z-001/train/real/5302.jpg,Real,train,1200,800,RGB,JPEG,98.8,252c122301dde5f8e40684ee7e72f06e,12153186674000054496
/Users/khangtran/.cache/kagglehub/datasets/saurabhbagchi/deepfake-image-detection/versions/2/train-20250112T065955Z-001/train/real/5303.jpg,Real,train,5696,3392,RGB,JPEG,4837.3,b01bf8acb8d6dee91fd22477eb2ba42f,17363902111539589362
/Users/khangtran/.cache/kagglehub/datasets/saurabhbagchi/deepfake-image-detection/versions/2/train-20250112T065955Z-001/train/real/5304.jpg,Real,train,1920,1080,RGB,JPEG,157.5,b1eb4581e3abf435a59eeb22c552841c,3544428456357490029
/Users/khangtran/.cache/kagglehub/datasets/saurabhbagchi/deepfake-image-detection/versions/2/train-20250112T065955Z-001/train/real/5305.jpg,Real,train,1920,1530,RGB,JPEG,945.1,ea15a43a517c040a769d899bd85b97c9,12030119084068803040
/Users/khangtran/.cache/kagglehub/datasets/saurabhbagchi/deepfake-image-detection/versions/2/train-20250112T065955Z-001/train/real/5306.jpg,Real,train,375,473,RGB,JPEG,14.0,2950095ef9064e02f5aba8fc9f090e7c,797454618161814748
/Users/khangtran/.cache/kagglehub/datasets/saurabhbagchi/deepfake-image-detection/versions/2/train-20250112T065955Z-001/train/real/5307.jpg,Real,train,640,484,RGB,JPEG,58.7,2ee477249eb9b63336957cd5d3fab696,15199913694092409022
/Users/khangtran/.cache/kagglehub/datasets/saurabhbagchi/deepfake-image-detection/versions/2/train-20250112T065955Z-001/train/real/5308.jpg,Real,train,390,280,RGB,JPEG,25.2,3bbf099d8931e0064401fa7446c28e44,17940355145702568723
/Users/khangtran/.cache/kagglehub/datasets/saurabhbagchi/deepfake-image-detection/versions/2/train-20250112T065955Z-001/train/real/5309.jpg,Real,train,375,562,L,JPEG,19.4,7c5e879f860b22c58d57e6a95a9dc4b4,1010819724437573486
/Users/khangtran/.cache/kagglehub/datasets/saurabhbagchi/deepfake-image-detection/versions/2/train-20250112T065955Z-001/train/real/5310.jpg,Real,train,1050,700,RGB,JPEG,267.5,5fa31c495d375fc29b7990b8416ad2fc,17397529023112886320
/Users/khangtran/.cache/kagglehub/datasets/saurabhbagchi/deepfake-image-detection/versions/2/train-20250112T065955Z-001/train/real/5311.jpg,Real,train,1920,1080,RGB,JPEG,585.1,f314015899dc3c98c5ea179ff92c65a8,13889313184910762112
/Users/khangtran/.cache/kagglehub/datasets/saurabhbagchi/deepfake-image-detection/versions/2/train-20250112T065955Z-001/train/real/5312.jpg,Real,train,4006,4006,RGB,JPEG,841.1,038e7c23ada9fad7db660c1dbee7929b,3490395680406729585
/Users/khangtran/.cache/kagglehub/datasets/saurabhbagchi/deepfake-image-detection/versions/2/train-20250112T065955Z-001/train/real/5313.jpg,Real,train,1920,1080,RGB,JPEG,1412.8,c9a073cc958f0b168efced096d8c73b1,506396679580794908
/Users/khangtran/.cache/kagglehub/datasets/saurabhbagchi/deepfake-image-detection/versions/2/train-20250112T065955Z-001/train/real/5314.jpg,Real,train,480,360,RGB,JPEG,23.8,987d08a365599e9d388e4401db1c32d1,3547825408410466736
/Users/khangtran/.cache/kagglehub/datasets/saurabhbagchi/deepfake-image-detection/versions/2/train-20250112T065955Z-001/train/real/5315.jpg,Real,train,300,300,RGB,JPEG,16.5,405e63a69a9c9419dd710f5308e766e5,10376507812563968192
/Users/khangtran/.cache/kagglehub/datasets/saurabhbagchi/deepfake-image-detection/versions/2/train-20250112T065955Z-001/train/real/5316.jpg,Real,train,687,1024,RGB,JPEG,141.6,609e7c62de312d11072acd8c73a5e60a,542604260371063233
/Users/khangtran/.cache/kagglehub/datasets/saurabhbagchi/deepfake-image-detection/versions/2/train-20250112T065955Z-001/train/real/5317.jpg,Real,train,700,467,RGB,JPEG,60.6,ee1f44fc35a3669e8909b6b6f7cdaa55,16775010065384262812
/Users/khangtran/.cache/kagglehub/datasets/saurabhbagchi/deepfake-image-detection/versions/2/train-20250112T065955Z-001/train/real/5318.jpg,Real,train,1920,1280,RGB,JPEG,96.7,828d3ed2c0d66c1a7eed78201afb3be6,11283936671254425528
/Users/khangtran/.cache/kagglehub/datasets/saurabhbagchi/deepfake-image-detection/versions/2/train-20250112T065955Z-001/train/real/5319.jpg,Real,train,1280,720,RGB,JPEG,151.7,fe346d22ceb6b48a49de4ea600df6ff9,7129462577987907761
/Users/khangtran/.cache/kagglehub/datasets/saurabhbagchi/deepfake-image-detection/versions/2/train-20250112T065955Z-001/train/real/5320.jpg,Real,train,1158,1522,RGBA,PNG,2381.3,9db5ea7f855ba8445640a5211cd66051,8171043134465256297
/Users/khangtran/.cache/kagglehub/datasets/saurabhbagchi/deepfake-image-detection/versions/2/train-20250112T065955Z-001/train/real/5321.jpg,Real,train,311,162,RGB,JPEG,13.3,36051338b54dafb0996456ebfa1211c1,3958287754906401273
/Users/khangtran/.cache/kagglehub/datasets/saurabhbagchi/deepfake-image-detection/versions/2/train-20250112T065955Z-001/train/real/5322.jpg,Real,train,870,580,RGB,JPEG,124.2,92dc5646876557a6e43d149e723e514e,3490413339435620467
/Users/khangtran/.cache/kagglehub/datasets/saurabhbagchi/deepfake-image-detection/versions/2/train-20250112T065955Z-001/train/real/5323.jpg,Real,train,640,414,RGB,JPEG,80.7,2ccd53a9e3398062649267ab9add7761,8570623839098679412
/Users/khangtran/.cache/kagglehub/datasets/saurabhbagchi/deepfake-image-detection/versions/2/train-20250112T065955Z-001/train/real/5324.jpg,Real,train,1280,850,RGB,JPEG,288.8,a28ac15605bfd105ff569c72b9997486,9482489068480665203
/Users/khangtran/.cache/kagglehub/datasets/saurabhbagchi/deepfake-image-detection/versions/2/train-20250112T065955Z-001/train/real/5325.jpg,Real,train,1920,1067,RGB,JPEG,267.6,e530be52f99060e4b5b8eda1856e106b,4473866972401925496
/Users/khangtran/.cache/kagglehub/datasets/saurabhbagchi/deepfake-image-detection/versions/2/train-20250112T065955Z-001/train/real/5326.jpg,Real,train,259,194,RGB,JPEG,15.7,1235a4cf50e1a433f31f058c5868a765,7018273946581082883
/Users/khangtran/.cache/kagglehub/datasets/saurabhbagchi/deepfake-image-detection/versions/2/train-20250112T065955Z-001/train/real/5327.jpg,Real,train,450,394,RGB,JPEG,57.2,770ec124eddfc07a6c6041c07b006b24,6293529048024295191
/Users/khangtran/.cache/kagglehub/datasets/saurabhbagchi/deepfake-image-detection/versions/2/train-20250112T065955Z-001/train/real/5328.jpg,Real,train,320,213,RGB,JPEG,11.9,5c9944b5f3b0bae998433f4e2f1aa3e4,8242259537935020337
/Users/khangtran/.cache/kagglehub/datasets/saurabhbagchi/deepfake-image-detection/versions/2/train-20250112T065955Z-001/train/real/5329.jpg,Real,train,2000,1356,RGB,JPEG,432.4,52826da47a8c04ab9884729095eedbc3,14759675756843238927
/Users/khangtran/.cache/kagglehub/datasets/saurabhbagchi/deepfake-image-detection/versions/2/train-20250112T065955Z-001/train/real/5330.jpg,Real,train,480,360,RGB,JPEG,34.9,09f6f210c6685fea0e712bf362bae24d,7016997416242033202
/Users/khangtran/.cache/kagglehub/datasets/saurabhbagchi/deepfake-image-detection/versions/2/train-20250112T065955Z-001/train/real/5331.jpg,Real,train,1920,1080,RGB,JPEG,371.8,3687012b0acc2257efdb3c7a133ce6d3,6571635625481217718
/Users/khangtran/.cache/kagglehub/datasets/saurabhbagchi/deepfake-image-detection/versions/2/train-20250112T065955Z-001/train/real/5332.jpg,Real,train,1140,500,RGB,JPEG,125.0,bfe8ddb8c0a183e5a1b3e8bd973bd06f,10652028082154589835
/Users/khangtran/.cache/kagglehub/datasets/saurabhbagchi/deepfake-image-detection/versions/2/train-20250112T065955Z-001/train/real/5333.jpg,Real,train,2940,1960,RGB,JPEG,538.2,0bf72957d0997b4961c39cb601e0d645,17506604336623632864
/Users/khangtran/.cache/kagglehub/datasets/saurabhbagchi/deepfake-image-detection/versions/2/train-20250112T065955Z-001/train/real/5334.jpg,Real,train,2100,1200,RGB,JPEG,183.8,48f3217aa60931a84590e6fe5a00b300,8716990824832333944
/Users/khangtran/.cache/kagglehub/datasets/saurabhbagchi/deepfake-image-detection/versions/2/train-20250112T065955Z-001/train/real/5335.jpg,Real,train,1385,1500,RGB,JPEG,278.9,86507988b9b1533586bcd763b5d47a03,13290387279748194547
/Users/khangtran/.cache/kagglehub/datasets/saurabhbagchi/deepfake-image-detection/versions/2/train-20250112T065955Z-001/train/real/5336.jpg,Real,train,2000,1500,RGB,JPEG,238.9,5f76c9921fc36458ecd1ad4a9d5ddfe0,17359371693530598640
/Users/khangtran/.cache/kagglehub/datasets/saurabhbagchi/deepfake-image-detection/versions/2/train-20250112T065955Z-001/train/real/5337.jpg,Real,train,1280,853,RGB,JPEG,363.1,8a9e697c489ae34a6080cc76c8ab6852,16636548690500250089
/Users/khangtran/.cache/kagglehub/datasets/saurabhbagchi/deepfake-image-detection/versions/2/train-20250112T065955Z-001/train/real/5338.jpg,Real,train,1000,667,RGB,JPEG,81.4,504444c86e59306015085540c197eca3,14887235802493623480
/Users/khangtran/.cache/kagglehub/datasets/saurabhbagchi/deepfake-image-detection/versions/2/train-20250112T065955Z-001/train/real/5339.jpg,Real,train,720,720,RGB,JPEG,129.6,ef159ef31e31dd2df5f48a3cb1416bb3,17941183063542790384
/Users/khangtran/.cache/kagglehub/datasets/saurabhbagchi/deepfake-image-detection/versions/2/train-20250112T065955Z-001/train/real/5340.jpg,Real,train,2500,1646,RGB,JPEG,893.1,3020cf41adc2eb79eff2e988b124763d,14395415212588431207
/Users/khangtran/.cache/kagglehub/datasets/saurabhbagchi/deepfake-image-detection/versions/2/train-20250112T065955Z-001/train/real/5341.jpg,Real,train,626,487,RGB,JPEG,91.6,37114693dbbbcaa7647d325b094e3947,18433126757399250494
/Users/khangtran/.cache/kagglehub/datasets/saurabhbagchi/deepfake-image-detection/versions/2/train-20250112T065955Z-001/train/real/5342.jpg,Real,train,1200,630,RGB,JPEG,381.0,d864218fa89f77ce20d2363b7509375a,14305275320827351829
/Users/khangtran/.cache/kagglehub/datasets/saurabhbagchi/deepfake-image-detection/versions/2/train-20250112T065955Z-001/train/real/5343.jpg,Real,train,880,1320,RGB,JPEG,474.0,010020ccb6947a9a3e144e27fb441140,7219605489246287934
/Users/khangtran/.cache/kagglehub/datasets/saurabhbagchi/deepfake-image-detection/versions/2/train-20250112T065955Z-001/train/real/5344.jpg,Real,train,318,158,RGB,JPEG,11.7,43d29576f326e9126785c77e7625ce40,1029991317384080636
/Users/khangtran/.cache/kagglehub/datasets/saurabhbagchi/deepfake-image-detection/versions/2/train-20250112T065955Z-001/train/real/5345.jpg,Real,train,728,976,RGB,JPEG,165.4,0e11cc144265c228ec2b3159f5f673ad,16498641134248386881
/Users/khangtran/.cache/kagglehub/datasets/saurabhbagchi/deepfake-image-detection/versions/2/train-20250112T065955Z-001/train/real/5346.jpg,Real,train,800,800,RGB,JPEG,130.5,a69fcafe7d72d38b85c3cfdfebbddcfb,9476436952521066247
/Users/khangtran/.cache/kagglehub/datasets/saurabhbagchi/deepfake-image-detection/versions/2/train-20250112T065955Z-001/train/real/5347.jpg,Real,train,1920,2549,RGB,JPEG,629.5,e27b103dd14b40eae9ed482071c644c1,17938031588344134633
/Users/khangtran/.cache/kagglehub/datasets/saurabhbagchi/deepfake-image-detection/versions/2/train-20250112T065955Z-001/train/real/5348.jpg,Real,train,520,280,RGB,JPEG,60.4,45fc0e5b86787e27b3e17521d9f1aff1,8654100040333319836
/Users/khangtran/.cache/kagglehub/datasets/saurabhbagchi/deepfake-image-detection/versions/2/train-20250112T065955Z-001/train/real/5349.jpg,Real,train,800,1036,RGB,JPEG,274.6,3bba10774a132ce2ebb57c07ba4f16af,2746698931862281414
/Users/khangtran/.cache/kagglehub/datasets/saurabhbagchi/deepfake-image-detection/versions/2/train-20250112T065955Z-001/train/real/5350.jpg,Real,train,1500,1500,RGB,JPEG,309.0,204c034834c62729168757c203a5eb8e,5497040721181150734
/Users/khangtran/.cache/kagglehub/datasets/saurabhbagchi/deepfake-image-detection/versions/2/train-20250112T065955Z-001/train/real/5351.jpg,Real,train,259,194,RGB,JPEG,11.1,c29584a4ff72a28edee624344a8ba799,1591519060111536690
/Users/khangtran/.cache/kagglehub/datasets/saurabhbagchi/deepfake-image-detection/versions/2/train-20250112T065955Z-001/train/real/5352.jpg,Real,train,365,261,RGB,JPEG,48.6,a402d993b22c04997ec0d1d5899011a5,13310584252092507808
/Users/khangtran/.cache/kagglehub/datasets/saurabhbagchi/deepfake-image-detection/versions/2/train-20250112T065955Z-001/train/real/5353.jpg,Real,train,397,265,RGB,JPEG,11.0,5fba172264621d1fc34aa90a3c512377,17363866823884063948
/Users/khangtran/.cache/kagglehub/datasets/saurabhbagchi/deepfake-image-detection/versions/2/train-20250112T065955Z-001/train/real/5354.jpg,Real,train,691,414,RGB,JPEG,99.7,88cdf973961a56057a86642694b8c66b,17795681948997422734
/Users/khangtran/.cache/kagglehub/datasets/saurabhbagchi/deepfake-image-detection/versions/2/train-20250112T065955Z-001/train/real/5355.jpg,Real,train,800,528,RGB,JPEG,492.5,9a9d05b49e511f9d1eb9e18b0daeb551,6621914521117177944
/Users/khangtran/.cache/kagglehub/datasets/saurabhbagchi/deepfake-image-detection/versions/2/train-20250112T065955Z-001/train/real/5356.jpg,Real,train,602,602,RGB,JPEG,36.7,9295d0128191fc1cb8f317819e29b830,5279854623025727234
/Users/khangtran/.cache/kagglehub/datasets/saurabhbagchi/deepfake-image-detection/versions/2/train-20250112T065955Z-001/train/real/5357.jpg,Real,train,5376,3584,RGB,JPEG,6934.8,da59c5acb77a9c7ed702b449cd5a2f39,6980791460140464216
/Users/khangtran/.cache/kagglehub/datasets/saurabhbagchi/deepfake-image-detection/versions/2/train-20250112T065955Z-001/train/real/5358.jpg,Real,train,1200,1200,P,PNG,101.3,39588b121e1113cd1009701b33bb6858,1087463045977248432
/Users/khangtran/.cache/kagglehub/datasets/saurabhbagchi/deepfake-image-detection/versions/2/train-20250112T065955Z-001/train/real/5359.jpg,Real,train,800,525,RGB,JPEG,79.5,52eebf30da52f174113b650c6cf1b2f2,14838429265800251536
/Users/khangtran/.cache/kagglehub/datasets/saurabhbagchi/deepfake-image-detection/versions/2/train-20250112T065955Z-001/train/real/5360.jpg,Real,train,2000,1000,RGB,JPEG,542.1,f35ca667b452cdcd10058a6f18642c95,15196204948247084764
/Users/khangtran/.cache/kagglehub/datasets/saurabhbagchi/deepfake-image-detection/versions/2/train-20250112T065955Z-001/train/real/5361.jpg,Real,train,626,358,RGB,JPEG,70.7,5f5df0535aee58c93a4ae892350cdeef,18220711906149727480
/Users/khangtran/.cache/kagglehub/datasets/saurabhbagchi/deepfake-image-detection/versions/2/train-20250112T065955Z-001/train/real/5362.jpg,Real,train,668,540,RGB,JPEG,51.2,ce236e19dd143b0934ac4aa70fc30e58,14728287503625185127
/Users/khangtran/.cache/kagglehub/datasets/saurabhbagchi/deepfake-image-detection/versions/2/train-20250112T065955Z-001/train/real/5363.jpg,Real,train,570,376,RGB,JPEG,109.9,9df09796dff8a64b171e888cab58acb8,16208719461266002068
/Users/khangtran/.cache/kagglehub/datasets/saurabhbagchi/deepfake-image-detection/versions/2/train-20250112T065955Z-001/train/real/5364.jpg,Real,train,800,676,RGB,JPEG,121.1,9124c00161948b91b7acf8f7087d02da,4069134723894802680
/Users/khangtran/.cache/kagglehub/datasets/saurabhbagchi/deepfake-image-detection/versions/2/train-20250112T065955Z-001/train/real/5365.jpg,Real,train,736,1308,RGB,JPEG,146.4,a97b1fca02ff9ba3905ec2a3eb23a8b6,17433981647651766043
/Users/khangtran/.cache/kagglehub/datasets/saurabhbagchi/deepfake-image-detection/versions/2/train-20250112T065955Z-001/train/real/5366.jpg,Real,train,1200,1170,RGB,JPEG,141.0,bb07e4481fa3d44ce25602c4523cfbff,17940291531413436600
/Users/khangtran/.cache/kagglehub/datasets/saurabhbagchi/deepfake-image-detection/versions/2/train-20250112T065955Z-001/train/real/5367.jpg,Real,train,3600,2591,RGB,JPEG,1484.6,dce1611289570a572f4bd8bf4d71585b,17047411749041076985
/Users/khangtran/.cache/kagglehub/datasets/saurabhbagchi/deepfake-image-detection/versions/2/train-20250112T065955Z-001/train/real/5368.jpg,Real,train,275,183,P,PNG,11.8,ed75fa057266de8513edcf23d4375c31,165519634926347
/Users/khangtran/.cache/kagglehub/datasets/saurabhbagchi/deepfake-image-detection/versions/2/train-20250112T065955Z-001/train/real/5369.jpg,Real,train,1280,960,RGB,JPEG,193.1,459ea5490db3bb2c88ad1def9f190938,1024348012698089015
/Users/khangtran/.cache/kagglehub/datasets/saurabhbagchi/deepfake-image-detection/versions/2/train-20250112T065955Z-001/train/real/5370.jpg,Real,train,600,591,RGB,JPEG,48.3,748b5d38dbaeb3d9efafe0bb414eda72,15904949847215826532
/Users/khangtran/.cache/kagglehub/datasets/saurabhbagchi/deepfake-image-detection/versions/2/train-20250112T065955Z-001/train/real/5371.jpg,Real,train,800,1000,RGB,JPEG,139.4,5ba4c6fbb613b11f7892cbc9c1cf6743,1383011325775514956
/Users/khangtran/.cache/kagglehub/datasets/saurabhbagchi/deepfake-image-detection/versions/2/train-20250112T065955Z-001/train/real/5372.jpg,Real,train,8495,5663,RGB,JPEG,3359.5,7b5b2d40d0c9eecc3aba40fe40a488c8,868082349203262994
/Users/khangtran/.cache/kagglehub/datasets/saurabhbagchi/deepfake-image-detection/versions/2/train-20250112T065955Z-001/train/real/5373.jpg,Real,train,300,168,RGB,JPEG,16.8,3d80fcd415d638fba83292c15cf18a9a,17713986175515364376
/Users/khangtran/.cache/kagglehub/datasets/saurabhbagchi/deepfake-image-detection/versions/2/train-20250112T065955Z-001/train/real/5374.jpg,Real,train,1920,1280,RGB,JPEG,1546.5,ee802de4af0d3449ded14ac4d6f224ed,17361649906347312844
/Users/khangtran/.cache/kagglehub/datasets/saurabhbagchi/deepfake-image-detection/versions/2/train-20250112T065955Z-001/train/real/5375.jpg,Real,train,841,1024,P,PNG,301.9,ec83add39b3ab1375bc1acd9f59f37bf,11427477847428472060
/Users/khangtran/.cache/kagglehub/datasets/saurabhbagchi/deepfake-image-detection/versions/2/train-20250112T065955Z-001/train/real/5376.jpg,Real,train,1000,563,RGB,JPEG,38.7,5f4066c1c19c534be9f3ed63eae30686,8680820742732968184
/Users/khangtran/.cache/kagglehub/datasets/saurabhbagchi/deepfake-image-detection/versions/2/train-20250112T065955Z-001/train/real/5377.jpg,Real,train,201,251,RGB,JPEG,15.8,34e4c5caf780b8c52a608c4abfc55478,17357865361661025504
/Users/khangtran/.cache/kagglehub/datasets/saurabhbagchi/deepfake-image-detection/versions/2/train-20250112T065955Z-001/train/real/5378.jpg,Real,train,553,675,RGBA,PNG,672.4,f81e5e644739a6f86019bd5930b5da6a,14879604791186036796
/Users/khangtran/.cache/kagglehub/datasets/saurabhbagchi/deepfake-image-detection/versions/2/train-20250112T065955Z-001/train/real/5379.jpg,Real,train,311,162,RGB,JPEG,12.4,8ade6652fc00e70bf499454cab86991b,1374443622910485795
/Users/khangtran/.cache/kagglehub/datasets/saurabhbagchi/deepfake-image-detection/versions/2/train-20250112T065955Z-001/train/real/5380.jpg,Real,train,1500,1000,P,PNG,581.7,46deeacc3751084fbd594694142d7a2a,16112705167897172153
/Users/khangtran/.cache/kagglehub/datasets/saurabhbagchi/deepfake-image-detection/versions/2/train-20250112T065955Z-001/train/real/5381.jpg,Real,train,1440,600,RGBA,PNG,2509.6,10d459f71ac49df8a8d61ec1b295935b,12445083680516204394
/Users/khangtran/.cache/kagglehub/datasets/saurabhbagchi/deepfake-image-detection/versions/2/train-20250112T065955Z-001/train/real/5382.jpg,Real,train,360,340,RGB,JPEG,13.0,0b1e4480c2700fa8c20d30e587430ba5,4421189170484425073
/Users/khangtran/.cache/kagglehub/datasets/saurabhbagchi/deepfake-image-detection/versions/2/train-20250112T065955Z-001/train/real/5383.jpg,Real,train,467,700,RGB,JPEG,52.3,94ddb6092e274ad15f6fcdbbb7e8a62f,3490695296252395971
/Users/khangtran/.cache/kagglehub/datasets/saurabhbagchi/deepfake-image-detection/versions/2/train-20250112T065955Z-001/train/real/5384.jpg,Real,train,1600,836,RGB,JPEG,260.9,b1db06dacb340f63fd13be7b9169d54c,3958287754906401273
/Users/khangtran/.cache/kagglehub/datasets/saurabhbagchi/deepfake-image-detection/versions/2/train-20250112T065955Z-001/train/real/5385.jpg,Real,train,800,1200,RGB,JPEG,90.1,1f95b07d0fa8a62456fde18ec9e00329,3600892819363363320
/Users/khangtran/.cache/kagglehub/datasets/saurabhbagchi/deepfake-image-detection/versions/2/train-20250112T065955Z-001/train/real/5386.jpg,Real,train,480,360,RGB,JPEG,95.4,0dac5b79dec62ca92a4ebc5c567eed30,8197859382267350028
/Users/khangtran/.cache/kagglehub/datasets/saurabhbagchi/deepfake-image-detection/versions/2/train-20250112T065955Z-001/train/real/5387.jpg,Real,train,555,507,RGB,JPEG,45.8,3e948037f5187ab478669b4a658de04c,4196003765272386331
/Users/khangtran/.cache/kagglehub/datasets/saurabhbagchi/deepfake-image-detection/versions/2/train-20250112T065955Z-001/train/real/5388.jpg,Real,train,1920,1281,RGB,JPEG,791.8,134a19923e5d1414e9e968c0eb2a7aad,8138163622557823152
/Users/khangtran/.cache/kagglehub/datasets/saurabhbagchi/deepfake-image-detection/versions/2/train-20250112T065955Z-001/train/real/5389.jpg,Real,train,800,1144,L,JPEG,95.2,92df9b5cb0cfbf073b0da3965855f39f,6980826747862312188
/Users/khangtran/.cache/kagglehub/datasets/saurabhbagchi/deepfake-image-detection/versions/2/train-20250112T065955Z-001/train/real/5390.jpg,Real,train,2580,1451,RGB,JPEG,808.1,8d602eed72b50af4113f24726bab3786,3716476383827931411
/Users/khangtran/.cache/kagglehub/datasets/saurabhbagchi/deepfake-image-detection/versions/2/train-20250112T065955Z-001/train/real/5391.jpg,Real,train,1519,1600,RGB,JPEG,203.3,b3872765c5ad0b7c13979912132b2aad,524532549297766947
/Users/khangtran/.cache/kagglehub/datasets/saurabhbagchi/deepfake-image-detection/versions/2/train-20250112T065955Z-001/train/real/5392.jpg,Real,train,300,168,RGB,JPEG,11.9,34c0b270e58135459e406e372acadfce,8207076279374679437
/Users/khangtran/.cache/kagglehub/datasets/saurabhbagchi/deepfake-image-detection/versions/2/train-20250112T065955Z-001/train/real/5393.jpg,Real,train,480,280,RGB,JPEG,48.4,8483c1f1a8f1762cfd4d45ceb28716f1,6347105776700772694
/Users/khangtran/.cache/kagglehub/datasets/saurabhbagchi/deepfake-image-detection/versions/2/train-20250112T065955Z-001/train/real/5394.jpg,Real,train,1500,1500,RGB,JPEG,483.2,8cf419575f08a8ef2d15dbac96b00880,5280782048232548713
/Users/khangtran/.cache/kagglehub/datasets/saurabhbagchi/deepfake-image-detection/versions/2/train-20250112T065955Z-001/train/real/5395.jpg,Real,train,650,519,RGB,JPEG,59.8,b694fa7d717e84213132d1aec50b1b9b,7729294858288860550
/Users/khangtran/.cache/kagglehub/datasets/saurabhbagchi/deepfake-image-detection/versions/2/train-20250112T065955Z-001/train/real/5396.jpg,Real,train,540,360,RGB,JPEG,48.9,a26c7a9427e72917456742ea219f7df6,13889242822514778913
/Users/khangtran/.cache/kagglehub/datasets/saurabhbagchi/deepfake-image-detection/versions/2/train-20250112T065955Z-001/train/real/5397.jpg,Real,train,870,580,RGB,JPEG,13.0,a4e530c18058974b3f3d6b844532a798,2391464385658761664
/Users/khangtran/.cache/kagglehub/datasets/saurabhbagchi/deepfake-image-detection/versions/2/train-20250112T065955Z-001/train/real/5398.jpg,Real,train,1080,720,RGB,JPEG,630.6,4311fb77e97f207dac15b65964025be3,8314033872718381770
/Users/khangtran/.cache/kagglehub/datasets/saurabhbagchi/deepfake-image-detection/versions/2/train-20250112T065955Z-001/train/real/5399.jpg,Real,train,600,449,RGB,JPEG,43.9,fd4e989a1e83cabbe75e6ccc7263d30d,4193186678566040113
/Users/khangtran/.cache/kagglehub/datasets/saurabhbagchi/deepfake-image-detection/versions/2/train-20250112T065955Z-001/train/real/5400.jpg,Real,train,1004,500,RGB,JPEG,197.4,6f3d769b283850f5d4d860ae27a3d112,1029991317384080636
/Users/khangtran/.cache/kagglehub/datasets/saurabhbagchi/deepfake-image-detection/versions/2/train-20250112T065955Z-001/train/real/5401.jpg,Real,train,819,1024,RGB,JPEG,133.1,a59676d939eaf2ce48347c2f5deecd45,16629191587195302130
/Users/khangtran/.cache/kagglehub/datasets/saurabhbagchi/deepfake-image-detection/versions/2/train-20250112T065955Z-001/train/real/5402.jpg,Real,train,1140,641,RGB,JPEG,104.3,5ab121c3e4f9267db4ba6b936642db36,5557742676277122694
/Users/khangtran/.cache/kagglehub/datasets/saurabhbagchi/deepfake-image-detection/versions/2/train-20250112T065955Z-001/train/real/5403.jpg,Real,train,748,499,RGB,JPEG,56.2,fcbde4f9deeee4972d93b9d2c462deb5,7579390383143603533
/Users/khangtran/.cache/kagglehub/datasets/saurabhbagchi/deepfake-image-detection/versions/2/train-20250112T065955Z-001/train/real/5404.jpg,Real,train,2055,1156,RGB,JPEG,1551.2,e3e797231c010c979ca9bcc1c1fb119f,10221140136247990424
/Users/khangtran/.cache/kagglehub/datasets/saurabhbagchi/deepfake-image-detection/versions/2/train-20250112T065955Z-001/train/real/5405.jpg,Real,train,467,700,RGB,JPEG,57.0,cce08a3034aaf7fae33df967c7b586d3,14161255538129856873
/Users/khangtran/.cache/kagglehub/datasets/saurabhbagchi/deepfake-image-detection/versions/2/train-20250112T065955Z-001/train/real/5406.jpg,Real,train,1025,682,RGB,JPEG,430.2,f7c00fc36e08868b9de0e0a39b1df024,7850039050683083820
/Users/khangtran/.cache/kagglehub/datasets/saurabhbagchi/deepfake-image-detection/versions/2/train-20250112T065955Z-001/train/real/5407.jpg,Real,train,796,418,P,PNG,219.4,2ae2b36a4b89f11b697a11d55d34f329,1276122278325246202
/Users/khangtran/.cache/kagglehub/datasets/saurabhbagchi/deepfake-image-detection/versions/2/train-20250112T065955Z-001/train/real/5408.jpg,Real,train,1200,418,RGB,JPEG,170.9,e773a73b28b29d56d0858abab0e8a097,478670242027179212
/Users/khangtran/.cache/kagglehub/datasets/saurabhbagchi/deepfake-image-detection/versions/2/train-20250112T065955Z-001/train/real/5409.jpg,Real,train,800,534,RGB,JPEG,70.2,972065d7ed009856eea341272e9ef135,9698439060548733030
/Users/khangtran/.cache/kagglehub/datasets/saurabhbagchi/deepfake-image-detection/versions/2/train-20250112T065955Z-001/train/real/5410.jpg,Real,train,720,540,RGB,JPEG,73.7,8498897188727b1626f9664efb19f00d,8104359990153246968
/Users/khangtran/.cache/kagglehub/datasets/saurabhbagchi/deepfake-image-detection/versions/2/train-20250112T065955Z-001/train/real/5411.jpg,Real,train,3840,2160,RGB,JPEG,6483.7,5fc88085846fc055657d66946e1df49b,2932108033485370737
/Users/khangtran/.cache/kagglehub/datasets/saurabhbagchi/deepfake-image-detection/versions/2/train-20250112T065955Z-001/train/real/5412.jpg,Real,train,5376,3584,RGB,JPEG,6892.0,608eb4d92f92edc4945afd8729893641,16352843958585979124
/Users/khangtran/.cache/kagglehub/datasets/saurabhbagchi/deepfake-image-detection/versions/2/train-20250112T065955Z-001/train/real/5413.jpg,Real,train,300,168,RGB,JPEG,15.4,18b3dbdd7f53bc38b784ee70bed6340e,7269569224848455477
/Users/khangtran/.cache/kagglehub/datasets/saurabhbagchi/deepfake-image-detection/versions/2/train-20250112T065955Z-001/train/real/5414.jpg,Real,train,980,980,RGB,JPEG,164.8,f1588b837693a0d61d82a0ba66d475f6,17285934642367626495
/Users/khangtran/.cache/kagglehub/datasets/saurabhbagchi/deepfake-image-detection/versions/2/train-20250112T065955Z-001/train/real/5415.jpg,Real,train,742,745,RGB,JPEG,234.2,3247cad62aaabbf8aebc4c03c8dbd12d,13414832015579117695
/Users/khangtran/.cache/kagglehub/datasets/saurabhbagchi/deepfake-image-detection/versions/2/train-20250112T065955Z-001/train/real/5416.jpg,Real,train,2812,1568,RGBA,PNG,258.5,5b2838c13fbc27162f32c77bde8aeb67,6980809086419397864
/Users/khangtran/.cache/kagglehub/datasets/saurabhbagchi/deepfake-image-detection/versions/2/train-20250112T065955Z-001/train/real/5417.jpg,Real,train,721,900,RGB,JPEG,176.0,30f2bca5c3a9944fc7af43acb12de7a9,17357865361661025504
/Users/khangtran/.cache/kagglehub/datasets/saurabhbagchi/deepfake-image-detection/versions/2/train-20250112T065955Z-001/train/real/5418.jpg,Real,train,1280,640,RGB,JPEG,60.2,ed68be4f5527759017913dbe7cd7f44e,16498082858282698438
/Users/khangtran/.cache/kagglehub/datasets/saurabhbagchi/deepfake-image-detection/versions/2/train-20250112T065955Z-001/train/real/5419.jpg,Real,train,1797,1198,RGB,JPEG,630.5,0f728ea1c82d53da61604031f544d048,2640204252681045744
/Users/khangtran/.cache/kagglehub/datasets/saurabhbagchi/deepfake-image-detection/versions/2/train-20250112T065955Z-001/train/real/5420.jpg,Real,train,728,522,RGB,JPEG,93.5,4c03a46e9c611ee66588536e974ce195,14129593613934607218
/Users/khangtran/.cache/kagglehub/datasets/saurabhbagchi/deepfake-image-detection/versions/2/train-20250112T065955Z-001/train/real/5421.jpg,Real,train,312,161,RGB,JPEG,11.3,b69aa1ee49c4bd7799af05469a3711cf,4475268860813716457
/Users/khangtran/.cache/kagglehub/datasets/saurabhbagchi/deepfake-image-detection/versions/2/train-20250112T065955Z-001/train/real/5422.jpg,Real,train,1920,1080,RGB,JPEG,617.8,e97797d9bc960eb38490334506bcbbcf,3545560083925383480
/Users/khangtran/.cache/kagglehub/datasets/saurabhbagchi/deepfake-image-detection/versions/2/train-20250112T065955Z-001/train/real/5423.jpg,Real,train,850,462,RGB,JPEG,133.5,d12e3971c3c4b75d0f8a7016beca5ae8,8174448326256701809
/Users/khangtran/.cache/kagglehub/datasets/saurabhbagchi/deepfake-image-detection/versions/2/train-20250112T065955Z-001/train/real/5424.jpg,Real,train,1758,2560,RGB,JPEG,667.1,52cabbcbb3a0fae29a06fcf2f369a905,506486953876763654
/Users/khangtran/.cache/kagglehub/datasets/saurabhbagchi/deepfake-image-detection/versions/2/train-20250112T065955Z-001/train/real/5425.jpg,Real,train,1110,396,RGB,PNG,842.6,c0cdda688206f0a0ce360c731ffa7e51,16259584091638223089
/Users/khangtran/.cache/kagglehub/datasets/saurabhbagchi/deepfake-image-detection/versions/2/train-20250112T065955Z-001/train/real/5426.jpg,Real,train,417,626,RGB,JPEG,46.6,be1dc44925112ec779f5bef5a6582959,1088526653852182290
/Users/khangtran/.cache/kagglehub/datasets/saurabhbagchi/deepfake-image-detection/versions/2/train-20250112T065955Z-001/train/real/5427.jpg,Real,train,1920,1280,RGB,JPEG,558.2,85d4f520d2a890dde73afb70faab52ac,3980400558750571661
/Users/khangtran/.cache/kagglehub/datasets/saurabhbagchi/deepfake-image-detection/versions/2/train-20250112T065955Z-001/train/real/5428.jpg,Real,train,1100,618,RGB,JPEG,93.5,a1c246194c7db1b90bc3f1ca1382b58c,16649119558595845903
/Users/khangtran/.cache/kagglehub/datasets/saurabhbagchi/deepfake-image-detection/versions/2/train-20250112T065955Z-001/train/real/5429.jpg,Real,train,760,506,RGB,JPEG,156.2,883b217ec11b1af80ba75353930e7c0d,4375414826159910255
/Users/khangtran/.cache/kagglehub/datasets/saurabhbagchi/deepfake-image-detection/versions/2/train-20250112T065955Z-001/train/real/5430.jpg,Real,train,1977,2560,RGB,JPEG,962.8,e60e667d3dd0cbaf6c96955094374c03,443449752042222375
/Users/khangtran/.cache/kagglehub/datasets/saurabhbagchi/deepfake-image-detection/versions/2/train-20250112T065955Z-001/train/real/5431.jpg,Real,train,3072,2483,RGB,JPEG,935.7,cc50ec01e6d37fe3b3e7d591316acdb1,7377687630362417087
/Users/khangtran/.cache/kagglehub/datasets/saurabhbagchi/deepfake-image-detection/versions/2/train-20250112T065955Z-001/train/real/5432.jpg,Real,train,300,300,RGB,JPEG,16.2,2d6ab2405a09cd2ceb8dbcf6c1740f46,10142301527926518385
/Users/khangtran/.cache/kagglehub/datasets/saurabhbagchi/deepfake-image-detection/versions/2/train-20250112T065955Z-001/train/real/5433.jpg,Real,train,1300,867,RGB,JPEG,372.0,14debd1283d36b1442026f85f136e61d,12716120747613024944
/Users/khangtran/.cache/kagglehub/datasets/saurabhbagchi/deepfake-image-detection/versions/2/train-20250112T065955Z-001/train/real/5434.jpg,Real,train,1300,865,RGB,JPEG,112.6,9b41cab0e4c12a42f07b48b04343a6df,17580356368562714840
/Users/khangtran/.cache/kagglehub/datasets/saurabhbagchi/deepfake-image-detection/versions/2/train-20250112T065955Z-001/train/real/5435.jpg,Real,train,1300,1000,RGB,JPEG,104.9,58e543e9d292b3e3c8da11012fbacc17,10096575707218481232
